expiration,strike,option_type,DTE,openInterest
2026-09-23,510.0,CALL,0,29.0
2026-09-23,510.0,PUT,0,3.0
2026-09-23,515.0,CALL,0,24.0
2026-09-23,520.0,CALL,0,26.0
2026-09-23,525.0,CALL,0,22.0
2026-09-23,525.0,PUT,0,4.0
2026-09-23,530.0,CALL,0,18.0
2026-09-23,530.0,PUT,0,19.0
2026-09-23,535.0,CALL,0,13.0
2026-09-23,535.0,PUT,0,62.0
2026-09-23,540.0,CALL,0,20.0
2026-09-23,540.0,PUT,0,28.0
2026-09-23,545.0,CALL,0,29.0
2026-09-23,545.0,PUT,0,38.0
2026-09-23,550.0,CALL,0,16.0
2026-09-23,550.0,PUT,0,597.0
2026-09-23,555.0,CALL,0,6.0
2026-09-23,555.0,PUT,0,44.0
2026-09-23,560.0,CALL,0,31.0
2026-09-23,560.0,PUT,0,53.0
2026-09-23,562.5,CALL,0,31.0
2026-09-23,562.5,PUT,0,18.0
2026-09-23,565.0,CALL,0,42.0
2026-09-23,565.0,PUT,0,15.0
2026-09-23,567.5,CALL,0,39.0
2026-09-23,567.5,PUT,0,21.0
2026-09-23,570.0,CALL,0,29.0
2026-09-23,570.0,PUT,0,58.0
2026-09-23,572.5,CALL,0,31.0
2026-09-23,572.5,PUT,0,3.0
2026-09-23,575.0,CALL,0,33.0
2026-09-23,575.0,PUT,0,186.0
2026-09-23,577.5,CALL,0,9.0
2026-09-23,577.5,PUT,0,6.0
2026-09-23,580.0,CALL,0,5.0
2026-09-23,580.0,PUT,0,58.0
2026-09-23,582.5,CALL,0,5.0
2026-09-23,582.5,PUT,0,9.0
2026-09-23,585.0,CALL,0,16.0
2026-09-23,585.0,PUT,0,41.0
2026-09-23,587.5,CALL,0,13.0
2026-09-23,587.5,PUT,0,59.0
2026-09-23,590.0,CALL,0,18.0
2026-09-23,590.0,PUT,0,133.0
2026-09-23,592.5,CALL,0,18.0
2026-09-23,592.5,PUT,0,16.0
2026-09-23,595.0,CALL,0,3.0
2026-09-23,595.0,PUT,0,50.0
2026-09-23,597.5,CALL,0,27.0
2026-09-23,597.5,PUT,0,53.0
2026-09-23,600.0,CALL,0,30.0
2026-09-23,600.0,PUT,0,442.0
2026-09-23,602.5,CALL,0,3.0
2026-09-23,602.5,PUT,0,30.0
2026-09-23,605.0,CALL,0,6.0
2026-09-23,605.0,PUT,0,72.0
2026-09-23,607.5,CALL,0,3.0
2026-09-23,607.5,PUT,0,120.0
2026-09-23,610.0,CALL,0,2.0
2026-09-23,610.0,PUT,0,628.0
2026-09-23,612.5,CALL,0,9.0
2026-09-23,612.5,PUT,0,58.0
2026-09-23,615.0,CALL,0,39.0
2026-09-23,615.0,PUT,0,71.0
2026-09-23,617.5,CALL,0,51.0
2026-09-23,617.5,PUT,0,72.0
2026-09-23,620.0,CALL,0,24.0
2026-09-23,620.0,PUT,0,196.0
2026-09-23,622.5,CALL,0,13.0
2026-09-23,622.5,PUT,0,126.0
2026-09-23,625.0,CALL,0,26.0
2026-09-23,625.0,PUT,0,306.0
2026-09-23,627.5,CALL,0,21.0
2026-09-23,627.5,PUT,0,110.0
2026-09-23,630.0,CALL,0,39.0
2026-09-23,630.0,PUT,0,175.0
2026-09-23,632.5,CALL,0,15.0
2026-09-23,632.5,PUT,0,315.0
2026-09-23,635.0,CALL,0,63.0
2026-09-23,635.0,PUT,0,345.0
2026-09-23,637.5,CALL,0,4.0
2026-09-23,637.5,PUT,0,67.0
2026-09-23,640.0,CALL,0,69.0
2026-09-23,640.0,PUT,0,280.0
2026-09-23,642.5,CALL,0,33.0
2026-09-23,642.5,PUT,0,244.0
2026-09-23,645.0,CALL,0,155.0
2026-09-23,645.0,PUT,0,762.0
2026-09-23,647.5,CALL,0,64.0
2026-09-23,647.5,PUT,0,736.0
2026-09-23,650.0,CALL,0,104.0
2026-09-23,650.0,PUT,0,870.0
2026-09-23,652.5,CALL,0,44.0
2026-09-23,652.5,PUT,0,163.0
2026-09-23,655.0,CALL,0,276.0
2026-09-23,655.0,PUT,0,427.0
2026-09-23,657.5,CALL,0,84.0
2026-09-23,657.5,PUT,0,172.0
2026-09-23,660.0,CALL,0,92.0
2026-09-23,660.0,PUT,0,686.0
2026-09-23,662.5,CALL,0,63.0
2026-09-23,662.5,PUT,0,435.0
2026-09-23,665.0,CALL,0,314.0
2026-09-23,665.0,PUT,0,526.0
2026-09-23,667.5,CALL,0,153.0
2026-09-23,667.5,PUT,0,449.0
2026-09-23,670.0,CALL,0,529.0
2026-09-23,670.0,PUT,0,1944.0
2026-09-23,672.5,CALL,0,279.0
2026-09-23,672.5,PUT,0,401.0
2026-09-23,675.0,CALL,0,504.0
2026-09-23,675.0,PUT,0,837.0
2026-09-23,677.5,CALL,0,227.0
2026-09-23,677.5,PUT,0,683.0
2026-09-23,680.0,CALL,0,354.0
2026-09-23,680.0,PUT,0,1933.0
2026-09-23,682.5,CALL,0,698.0
2026-09-23,682.5,PUT,0,388.0
2026-09-23,685.0,CALL,0,1368.0
2026-09-23,685.0,PUT,0,1722.0
2026-09-23,687.5,CALL,0,1082.0
2026-09-23,687.5,PUT,0,572.0
2026-09-23,690.0,CALL,0,474.0
2026-09-23,690.0,PUT,0,1856.0
2026-09-23,692.5,CALL,0,485.0
2026-09-23,692.5,PUT,0,452.0
2026-09-23,695.0,CALL,0,357.0
2026-09-23,695.0,PUT,0,1174.0
2026-09-23,697.5,CALL,0,326.0
2026-09-23,697.5,PUT,0,1503.0
2026-09-23,700.0,CALL,0,821.0
2026-09-23,700.0,PUT,0,5025.0
2026-09-23,702.5,CALL,0,123.0
2026-09-23,702.5,PUT,0,915.0
2026-09-23,705.0,CALL,0,373.0
2026-09-23,705.0,PUT,0,2747.0
2026-09-23,707.5,CALL,0,275.0
2026-09-23,707.5,PUT,0,716.0
2026-09-23,710.0,CALL,0,587.0
2026-09-23,710.0,PUT,0,2054.0
2026-09-23,712.5,CALL,0,755.0
2026-09-23,712.5,PUT,0,1831.0
2026-09-23,715.0,CALL,0,827.0
2026-09-23,715.0,PUT,0,2804.0
2026-09-23,717.5,CALL,0,640.0
2026-09-23,717.5,PUT,0,1192.0
2026-09-23,720.0,CALL,0,1119.0
2026-09-23,720.0,PUT,0,2679.0
2026-09-23,722.5,CALL,0,648.0
2026-09-23,722.5,PUT,0,1138.0
2026-09-23,725.0,CALL,0,905.0
2026-09-23,725.0,PUT,0,3028.0
2026-09-23,727.5,CALL,0,329.0
2026-09-23,727.5,PUT,0,1131.0
2026-09-23,730.0,CALL,0,1722.0
2026-09-23,730.0,PUT,0,2171.0
2026-09-23,732.5,CALL,0,702.0
2026-09-23,732.5,PUT,0,565.0
2026-09-23,735.0,CALL,0,974.0
2026-09-23,735.0,PUT,0,900.0
2026-09-23,737.5,CALL,0,782.0
2026-09-23,737.5,PUT,0,975.0
2026-09-23,740.0,CALL,0,2787.0
2026-09-23,740.0,PUT,0,1949.0
2026-09-23,742.5,CALL,0,1010.0
2026-09-23,742.5,PUT,0,760.0
2026-09-23,745.0,CALL,0,2804.0
2026-09-23,745.0,PUT,0,1642.0
2026-09-23,747.5,CALL,0,1147.0
2026-09-23,747.5,PUT,0,1348.0
2026-09-23,750.0,CALL,0,3636.0
2026-09-23,750.0,PUT,0,1469.0
2026-09-23,755.0,CALL,0,2113.0
2026-09-23,755.0,PUT,0,308.0
2026-09-23,760.0,CALL,0,3527.0
2026-09-23,760.0,PUT,0,154.0
2026-09-23,765.0,CALL,0,2669.0
2026-09-23,765.0,PUT,0,85.0
2026-09-23,770.0,CALL,0,5994.0
2026-09-23,770.0,PUT,0,231.0
2026-09-23,775.0,CALL,0,1932.0
2026-09-23,775.0,PUT,0,57.0
2026-09-23,780.0,CALL,0,5043.0
2026-09-23,780.0,PUT,0,31.0
2026-09-23,785.0,CALL,0,1956.0
2026-09-23,785.0,PUT,0,34.0
2026-09-23,790.0,CALL,0,4618.0
2026-09-23,790.0,PUT,0,14.0
2026-09-23,795.0,CALL,0,1622.0
2026-09-23,795.0,PUT,0,2.0
2026-09-23,800.0,CALL,0,10075.0
2026-09-23,800.0,PUT,0,43.0
2026-09-23,805.0,CALL,0,1178.0
2026-09-23,805.0,PUT,0,8.0
2026-09-23,810.0,CALL,0,2007.0
2026-09-23,810.0,PUT,0,0.0
2026-09-23,815.0,CALL,0,1568.0
2026-09-23,815.0,PUT,0,0.0
2026-09-23,820.0,CALL,0,799.0
2026-09-23,820.0,PUT,0,5.0
2026-09-23,825.0,CALL,0,1005.0
2026-09-23,830.0,CALL,0,419.0
2026-09-23,830.0,PUT,0,0.0
2026-09-23,835.0,CALL,0,277.0
2026-09-23,840.0,CALL,0,929.0
2026-09-23,845.0,CALL,0,478.0
2026-09-23,850.0,CALL,0,1051.0
2026-09-23,850.0,PUT,0,0.0
2026-09-23,855.0,CALL,0,444.0
2026-09-23,860.0,CALL,0,666.0
2026-09-23,865.0,CALL,0,141.0
2026-09-23,870.0,CALL,0,264.0
2026-09-23,870.0,PUT,0,0.0
2026-09-23,875.0,CALL,0,166.0
2026-09-23,875.0,PUT,0,0.0
2026-09-23,880.0,CALL,0,812.0
2026-09-23,880.0,PUT,0,0.0
2026-09-23,885.0,CALL,0,228.0
2026-09-23,890.0,CALL,0,86.0
2026-09-23,895.0,CALL,0,59.0
2026-09-23,900.0,CALL,0,250.0
2026-09-23,900.0,PUT,0,0.0
2026-09-23,905.0,CALL,0,17.0
2026-09-23,910.0,CALL,0,73.0
2026-09-23,915.0,CALL,0,21.0
2026-09-23,920.0,CALL,0,210.0
2026-09-23,925.0,CALL,0,128.0
2026-09-23,930.0,CALL,0,142.0
2026-09-23,935.0,CALL,0,4.0
2026-09-23,940.0,CALL,0,22.0
2026-09-23,945.0,CALL,0,11.0
2026-09-23,950.0,CALL,0,4.0
2026-09-23,955.0,CALL,0,3.0
2026-09-23,960.0,CALL,0,29.0
2026-09-23,965.0,CALL,0,1.0
2026-09-23,985.0,CALL,0,22.0
2026-09-23,1010.0,CALL,0,20.0
2026-09-23,1020.0,CALL,0,1.0
2026-09-23,1170.0,CALL,0,1.0
2026-09-23,1240.0,CALL,0,1.0
2026-09-23,1470.0,CALL,0,1.0
2026-09-23,1480.0,CALL,0,33.0
2026-09-25,100.0,CALL,2,0.0
2026-09-25,130.0,CALL,2,0.0
2026-09-25,130.0,PUT,2,1002.0
2026-09-25,140.0,PUT,2,1000.0
2026-09-25,150.0,PUT,2,1000.0
2026-09-25,170.0,CALL,2,0.0
2026-09-25,180.0,CALL,2,0.0
2026-09-25,200.0,CALL,2,0.0
2026-09-25,200.0,PUT,2,129.0
2026-09-25,210.0,PUT,2,143.0
2026-09-25,220.0,PUT,2,38.0
2026-09-25,230.0,PUT,2,36.0
2026-09-25,240.0,PUT,2,19.0
2026-09-25,250.0,PUT,2,46.0
2026-09-25,260.0,CALL,2,0.0
2026-09-25,260.0,PUT,2,71.0
2026-09-25,270.0,PUT,2,12.0
2026-09-25,290.0,CALL,2,0.0
2026-09-25,290.0,PUT,2,3.0
2026-09-25,300.0,CALL,2,0.0
2026-09-25,300.0,PUT,2,145.0
2026-09-25,310.0,PUT,2,0.0
2026-09-25,320.0,PUT,2,98.0
2026-09-25,330.0,PUT,2,19.0
2026-09-25,340.0,PUT,2,17.0
2026-09-25,350.0,PUT,2,634.0
2026-09-25,360.0,PUT,2,70.0
2026-09-25,370.0,PUT,2,765.0
2026-09-25,380.0,PUT,2,138.0
2026-09-25,390.0,PUT,2,154.0
2026-09-25,400.0,CALL,2,1.0
2026-09-25,400.0,PUT,2,245.0
2026-09-25,405.0,PUT,2,164.0
2026-09-25,410.0,PUT,2,251.0
2026-09-25,415.0,PUT,2,334.0
2026-09-25,420.0,PUT,2,112.0
2026-09-25,425.0,PUT,2,134.0
2026-09-25,430.0,PUT,2,55.0
2026-09-25,435.0,CALL,2,0.0
2026-09-25,435.0,PUT,2,83.0
2026-09-25,440.0,CALL,2,31.0
2026-09-25,440.0,PUT,2,72.0
2026-09-25,445.0,CALL,2,0.0
2026-09-25,445.0,PUT,2,316.0
2026-09-25,450.0,CALL,2,27.0
2026-09-25,450.0,PUT,2,309.0
2026-09-25,455.0,PUT,2,119.0
2026-09-25,460.0,CALL,2,0.0
2026-09-25,460.0,PUT,2,82.0
2026-09-25,465.0,PUT,2,207.0
2026-09-25,470.0,CALL,2,0.0
2026-09-25,470.0,PUT,2,194.0
2026-09-25,475.0,CALL,2,0.0
2026-09-25,475.0,PUT,2,307.0
2026-09-25,480.0,CALL,2,0.0
2026-09-25,480.0,PUT,2,561.0
2026-09-25,485.0,CALL,2,0.0
2026-09-25,485.0,PUT,2,302.0
2026-09-25,490.0,CALL,2,0.0
2026-09-25,490.0,PUT,2,315.0
2026-09-25,495.0,CALL,2,0.0
2026-09-25,495.0,PUT,2,341.0
2026-09-25,500.0,CALL,2,6.0
2026-09-25,500.0,PUT,2,391.0
2026-09-25,505.0,CALL,2,1.0
2026-09-25,505.0,PUT,2,294.0
2026-09-25,510.0,CALL,2,0.0
2026-09-25,510.0,PUT,2,545.0
2026-09-25,515.0,CALL,2,3.0
2026-09-25,515.0,PUT,2,532.0
2026-09-25,520.0,CALL,2,5.0
2026-09-25,520.0,PUT,2,4945.0
2026-09-25,525.0,CALL,2,3.0
2026-09-25,525.0,PUT,2,390.0
2026-09-25,530.0,CALL,2,16.0
2026-09-25,530.0,PUT,2,955.0
2026-09-25,535.0,CALL,2,10.0
2026-09-25,535.0,PUT,2,547.0
2026-09-25,540.0,CALL,2,60.0
2026-09-25,540.0,PUT,2,445.0
2026-09-25,545.0,CALL,2,127.0
2026-09-25,545.0,PUT,2,281.0
2026-09-25,547.5,CALL,2,8.0
2026-09-25,547.5,PUT,2,55.0
2026-09-25,550.0,CALL,2,169.0
2026-09-25,550.0,PUT,2,1691.0
2026-09-25,552.5,CALL,2,5.0
2026-09-25,552.5,PUT,2,128.0
2026-09-25,555.0,CALL,2,14.0
2026-09-25,555.0,PUT,2,260.0
2026-09-25,557.5,CALL,2,3.0
2026-09-25,557.5,PUT,2,18.0
2026-09-25,560.0,CALL,2,31.0
2026-09-25,560.0,PUT,2,2144.0
2026-09-25,562.5,CALL,2,5.0
2026-09-25,562.5,PUT,2,67.0
2026-09-25,565.0,CALL,2,320.0
2026-09-25,565.0,PUT,2,608.0
2026-09-25,567.5,CALL,2,3.0
2026-09-25,567.5,PUT,2,952.0
2026-09-25,570.0,CALL,2,320.0
2026-09-25,570.0,PUT,2,724.0
2026-09-25,572.5,CALL,2,5.0
2026-09-25,572.5,PUT,2,40.0
2026-09-25,575.0,CALL,2,275.0
2026-09-25,575.0,PUT,2,1240.0
2026-09-25,577.5,CALL,2,4.0
2026-09-25,577.5,PUT,2,258.0
2026-09-25,580.0,CALL,2,558.0
2026-09-25,580.0,PUT,2,834.0
2026-09-25,582.5,CALL,2,10.0
2026-09-25,582.5,PUT,2,38.0
2026-09-25,585.0,CALL,2,592.0
2026-09-25,585.0,PUT,2,582.0
2026-09-25,587.5,CALL,2,14.0
2026-09-25,587.5,PUT,2,61.0
2026-09-25,590.0,CALL,2,738.0
2026-09-25,590.0,PUT,2,710.0
2026-09-25,592.5,CALL,2,28.0
2026-09-25,592.5,PUT,2,44.0
2026-09-25,595.0,CALL,2,409.0
2026-09-25,595.0,PUT,2,399.0
2026-09-25,597.5,CALL,2,11.0
2026-09-25,597.5,PUT,2,159.0
2026-09-25,600.0,CALL,2,1641.0
2026-09-25,600.0,PUT,2,1746.0
2026-09-25,602.5,CALL,2,16.0
2026-09-25,602.5,PUT,2,59.0
2026-09-25,605.0,CALL,2,601.0
2026-09-25,605.0,PUT,2,944.0
2026-09-25,607.5,CALL,2,5.0
2026-09-25,607.5,PUT,2,126.0
2026-09-25,610.0,CALL,2,699.0
2026-09-25,610.0,PUT,2,1990.0
2026-09-25,612.5,CALL,2,59.0
2026-09-25,612.5,PUT,2,517.0
2026-09-25,615.0,CALL,2,866.0
2026-09-25,615.0,PUT,2,995.0
2026-09-25,617.5,CALL,2,25.0
2026-09-25,617.5,PUT,2,189.0
2026-09-25,620.0,CALL,2,1208.0
2026-09-25,620.0,PUT,2,1074.0
2026-09-25,622.5,CALL,2,28.0
2026-09-25,622.5,PUT,2,170.0
2026-09-25,625.0,CALL,2,1136.0
2026-09-25,625.0,PUT,2,1239.0
2026-09-25,627.5,CALL,2,88.0
2026-09-25,627.5,PUT,2,248.0
2026-09-25,630.0,CALL,2,300.0
2026-09-25,630.0,PUT,2,803.0
2026-09-25,632.5,CALL,2,109.0
2026-09-25,632.5,PUT,2,186.0
2026-09-25,635.0,CALL,2,800.0
2026-09-25,635.0,PUT,2,743.0
2026-09-25,637.5,CALL,2,36.0
2026-09-25,637.5,PUT,2,390.0
2026-09-25,640.0,CALL,2,707.0
2026-09-25,640.0,PUT,2,5719.0
2026-09-25,642.5,CALL,2,30.0
2026-09-25,642.5,PUT,2,212.0
2026-09-25,645.0,CALL,2,646.0
2026-09-25,645.0,PUT,2,808.0
2026-09-25,647.5,CALL,2,2544.0
2026-09-25,647.5,PUT,2,264.0
2026-09-25,650.0,CALL,2,4093.0
2026-09-25,650.0,PUT,2,6012.0
2026-09-25,652.5,CALL,2,86.0
2026-09-25,652.5,PUT,2,295.0
2026-09-25,655.0,CALL,2,884.0
2026-09-25,655.0,PUT,2,700.0
2026-09-25,657.5,CALL,2,159.0
2026-09-25,657.5,PUT,2,274.0
2026-09-25,660.0,CALL,2,2383.0
2026-09-25,660.0,PUT,2,1170.0
2026-09-25,662.5,CALL,2,62.0
2026-09-25,662.5,PUT,2,586.0
2026-09-25,665.0,CALL,2,622.0
2026-09-25,665.0,PUT,2,966.0
2026-09-25,667.5,CALL,2,287.0
2026-09-25,667.5,PUT,2,407.0
2026-09-25,670.0,CALL,2,1431.0
2026-09-25,670.0,PUT,2,2058.0
2026-09-25,672.5,CALL,2,349.0
2026-09-25,672.5,PUT,2,1934.0
2026-09-25,675.0,CALL,2,2029.0
2026-09-25,675.0,PUT,2,1547.0
2026-09-25,677.5,CALL,2,457.0
2026-09-25,677.5,PUT,2,632.0
2026-09-25,680.0,CALL,2,1912.0
2026-09-25,680.0,PUT,2,1503.0
2026-09-25,682.5,CALL,2,171.0
2026-09-25,682.5,PUT,2,785.0
2026-09-25,685.0,CALL,2,1798.0
2026-09-25,685.0,PUT,2,1193.0
2026-09-25,687.5,CALL,2,2218.0
2026-09-25,687.5,PUT,2,607.0
2026-09-25,690.0,CALL,2,2665.0
2026-09-25,690.0,PUT,2,1341.0
2026-09-25,692.5,CALL,2,1011.0
2026-09-25,692.5,PUT,2,524.0
2026-09-25,695.0,CALL,2,699.0
2026-09-25,695.0,PUT,2,2023.0
2026-09-25,697.5,CALL,2,365.0
2026-09-25,697.5,PUT,2,326.0
2026-09-25,700.0,CALL,2,4591.0
2026-09-25,700.0,PUT,2,4508.0
2026-09-25,702.5,CALL,2,2536.0
2026-09-25,702.5,PUT,2,2463.0
2026-09-25,705.0,CALL,2,3380.0
2026-09-25,705.0,PUT,2,1145.0
2026-09-25,707.5,CALL,2,214.0
2026-09-25,707.5,PUT,2,285.0
2026-09-25,710.0,CALL,2,2040.0
2026-09-25,710.0,PUT,2,2421.0
2026-09-25,712.5,CALL,2,475.0
2026-09-25,712.5,PUT,2,222.0
2026-09-25,715.0,CALL,2,876.0
2026-09-25,715.0,PUT,2,2930.0
2026-09-25,717.5,CALL,2,1635.0
2026-09-25,717.5,PUT,2,602.0
2026-09-25,720.0,CALL,2,2840.0
2026-09-25,720.0,PUT,2,1787.0
2026-09-25,722.5,CALL,2,829.0
2026-09-25,722.5,PUT,2,995.0
2026-09-25,725.0,CALL,2,1559.0
2026-09-25,725.0,PUT,2,2835.0
2026-09-25,727.5,CALL,2,1059.0
2026-09-25,727.5,PUT,2,633.0
2026-09-25,730.0,CALL,2,2100.0
2026-09-25,730.0,PUT,2,1600.0
2026-09-25,732.5,CALL,2,435.0
2026-09-25,732.5,PUT,2,214.0
2026-09-25,735.0,CALL,2,1326.0
2026-09-25,735.0,PUT,2,1759.0
2026-09-25,737.5,CALL,2,428.0
2026-09-25,737.5,PUT,2,276.0
2026-09-25,740.0,CALL,2,3814.0
2026-09-25,740.0,PUT,2,1808.0
2026-09-25,742.5,CALL,2,1251.0
2026-09-25,742.5,PUT,2,220.0
2026-09-25,745.0,CALL,2,1996.0
2026-09-25,745.0,PUT,2,444.0
2026-09-25,747.5,CALL,2,881.0
2026-09-25,747.5,PUT,2,2765.0
2026-09-25,750.0,CALL,2,9745.0
2026-09-25,750.0,PUT,2,1779.0
2026-09-25,755.0,CALL,2,1674.0
2026-09-25,755.0,PUT,2,672.0
2026-09-25,760.0,CALL,2,3240.0
2026-09-25,760.0,PUT,2,570.0
2026-09-25,765.0,CALL,2,5697.0
2026-09-25,765.0,PUT,2,99.0
2026-09-25,770.0,CALL,2,2954.0
2026-09-25,770.0,PUT,2,99.0
2026-09-25,775.0,CALL,2,5883.0
2026-09-25,775.0,PUT,2,52.0
2026-09-25,780.0,CALL,2,1772.0
2026-09-25,780.0,PUT,2,26.0
2026-09-25,785.0,CALL,2,1795.0
2026-09-25,785.0,PUT,2,57.0
2026-09-25,790.0,CALL,2,1169.0
2026-09-25,790.0,PUT,2,168.0
2026-09-25,795.0,CALL,2,554.0
2026-09-25,795.0,PUT,2,6.0
2026-09-25,800.0,CALL,2,5482.0
2026-09-25,800.0,PUT,2,151.0
2026-09-25,805.0,CALL,2,668.0
2026-09-25,805.0,PUT,2,5.0
2026-09-25,810.0,CALL,2,1529.0
2026-09-25,810.0,PUT,2,5.0
2026-09-25,815.0,CALL,2,796.0
2026-09-25,815.0,PUT,2,1.0
2026-09-25,820.0,CALL,2,1477.0
2026-09-25,820.0,PUT,2,11.0
2026-09-25,825.0,CALL,2,1344.0
2026-09-25,830.0,CALL,2,814.0
2026-09-25,830.0,PUT,2,15.0
2026-09-25,835.0,CALL,2,433.0
2026-09-25,840.0,CALL,2,321.0
2026-09-25,840.0,PUT,2,14.0
2026-09-25,845.0,CALL,2,923.0
2026-09-25,850.0,CALL,2,2728.0
2026-09-25,850.0,PUT,2,1.0
2026-09-25,855.0,CALL,2,1091.0
2026-09-25,860.0,CALL,2,462.0
2026-09-25,865.0,CALL,2,569.0
2026-09-25,865.0,PUT,2,1.0
2026-09-25,870.0,CALL,2,677.0
2026-09-25,875.0,CALL,2,272.0
2026-09-25,880.0,CALL,2,3079.0
2026-09-25,880.0,PUT,2,0.0
2026-09-25,885.0,CALL,2,92.0
2026-09-25,890.0,CALL,2,592.0
2026-09-25,895.0,CALL,2,233.0
2026-09-25,900.0,CALL,2,1183.0
2026-09-25,905.0,CALL,2,323.0
2026-09-25,910.0,CALL,2,271.0
2026-09-25,915.0,CALL,2,216.0
2026-09-25,920.0,CALL,2,601.0
2026-09-25,925.0,CALL,2,253.0
2026-09-25,930.0,CALL,2,421.0
2026-09-25,935.0,CALL,2,244.0
2026-09-25,935.0,PUT,2,0.0
2026-09-25,940.0,CALL,2,451.0
2026-09-25,945.0,CALL,2,212.0
2026-09-25,950.0,CALL,2,173.0
2026-09-25,955.0,CALL,2,136.0
2026-09-25,960.0,CALL,2,189.0
2026-09-25,965.0,CALL,2,132.0
2026-09-25,970.0,CALL,2,186.0
2026-09-25,975.0,CALL,2,187.0
2026-09-25,980.0,CALL,2,338.0
2026-09-25,985.0,CALL,2,266.0
2026-09-25,990.0,CALL,2,195.0
2026-09-25,995.0,CALL,2,187.0
2026-09-25,1000.0,CALL,2,1284.0
2026-09-25,1010.0,CALL,2,463.0
2026-09-25,1020.0,CALL,2,559.0
2026-09-25,1030.0,CALL,2,217.0
2026-09-25,1040.0,CALL,2,458.0
2026-09-25,1050.0,CALL,2,316.0
2026-09-25,1060.0,CALL,2,209.0
2026-09-25,1070.0,CALL,2,467.0
2026-09-25,1220.0,CALL,2,9.0
2026-09-25,1250.0,CALL,2,5.0
2026-09-25,1300.0,CALL,2,6.0
2026-09-25,1490.0,CALL,2,3.0
2026-09-28,510.0,PUT,5,10.0
2026-09-28,515.0,PUT,5,8.0
2026-09-28,520.0,PUT,5,1.0
2026-09-28,525.0,PUT,5,2.0
2026-09-28,530.0,PUT,5,5.0
2026-09-28,535.0,PUT,5,5.0
2026-09-28,540.0,PUT,5,5.0
2026-09-28,545.0,PUT,5,37.0
2026-09-28,550.0,PUT,5,6.0
2026-09-28,555.0,PUT,5,16.0
2026-09-28,560.0,PUT,5,4.0
2026-09-28,565.0,CALL,5,1.0
2026-09-28,565.0,PUT,5,105.0
2026-09-28,570.0,CALL,5,2.0
2026-09-28,570.0,PUT,5,7.0
2026-09-28,575.0,CALL,5,3.0
2026-09-28,575.0,PUT,5,12.0
2026-09-28,580.0,CALL,5,26.0
2026-09-28,580.0,PUT,5,24.0
2026-09-28,585.0,CALL,5,5.0
2026-09-28,585.0,PUT,5,17.0
2026-09-28,587.5,PUT,5,8.0
2026-09-28,590.0,CALL,5,11.0
2026-09-28,590.0,PUT,5,35.0
2026-09-28,592.5,CALL,5,3.0
2026-09-28,592.5,PUT,5,2.0
2026-09-28,595.0,CALL,5,9.0
2026-09-28,595.0,PUT,5,15.0
2026-09-28,597.5,CALL,5,3.0
2026-09-28,597.5,PUT,5,2.0
2026-09-28,600.0,CALL,5,16.0
2026-09-28,600.0,PUT,5,56.0
2026-09-28,602.5,PUT,5,1.0
2026-09-28,605.0,CALL,5,2.0
2026-09-28,605.0,PUT,5,4.0
2026-09-28,607.5,PUT,5,6.0
2026-09-28,610.0,PUT,5,57.0
2026-09-28,612.5,PUT,5,6.0
2026-09-28,615.0,CALL,5,2.0
2026-09-28,615.0,PUT,5,17.0
2026-09-28,617.5,CALL,5,5.0
2026-09-28,617.5,PUT,5,12.0
2026-09-28,620.0,CALL,5,2.0
2026-09-28,620.0,PUT,5,38.0
2026-09-28,622.5,CALL,5,2.0
2026-09-28,622.5,PUT,5,25.0
2026-09-28,625.0,CALL,5,7.0
2026-09-28,625.0,PUT,5,24.0
2026-09-28,627.5,CALL,5,1.0
2026-09-28,627.5,PUT,5,78.0
2026-09-28,630.0,CALL,5,2.0
2026-09-28,630.0,PUT,5,105.0
2026-09-28,632.5,PUT,5,11.0
2026-09-28,635.0,CALL,5,3.0
2026-09-28,635.0,PUT,5,165.0
2026-09-28,637.5,CALL,5,0.0
2026-09-28,637.5,PUT,5,20.0
2026-09-28,640.0,CALL,5,8.0
2026-09-28,640.0,PUT,5,67.0
2026-09-28,642.5,PUT,5,133.0
2026-09-28,645.0,CALL,5,7.0
2026-09-28,645.0,PUT,5,33.0
2026-09-28,647.5,CALL,5,6.0
2026-09-28,647.5,PUT,5,14.0
2026-09-28,650.0,CALL,5,88.0
2026-09-28,650.0,PUT,5,199.0
2026-09-28,652.5,CALL,5,4.0
2026-09-28,652.5,PUT,5,14.0
2026-09-28,655.0,CALL,5,24.0
2026-09-28,655.0,PUT,5,263.0
2026-09-28,657.5,CALL,5,10.0
2026-09-28,657.5,PUT,5,58.0
2026-09-28,660.0,CALL,5,27.0
2026-09-28,660.0,PUT,5,265.0
2026-09-28,662.5,CALL,5,40.0
2026-09-28,662.5,PUT,5,59.0
2026-09-28,665.0,CALL,5,68.0
2026-09-28,665.0,PUT,5,208.0
2026-09-28,667.5,CALL,5,184.0
2026-09-28,667.5,PUT,5,58.0
2026-09-28,670.0,CALL,5,151.0
2026-09-28,670.0,PUT,5,238.0
2026-09-28,672.5,CALL,5,142.0
2026-09-28,672.5,PUT,5,82.0
2026-09-28,675.0,CALL,5,118.0
2026-09-28,675.0,PUT,5,247.0
2026-09-28,677.5,CALL,5,42.0
2026-09-28,677.5,PUT,5,238.0
2026-09-28,680.0,CALL,5,196.0
2026-09-28,680.0,PUT,5,387.0
2026-09-28,682.5,CALL,5,35.0
2026-09-28,682.5,PUT,5,229.0
2026-09-28,685.0,CALL,5,119.0
2026-09-28,685.0,PUT,5,321.0
2026-09-28,687.5,CALL,5,26.0
2026-09-28,687.5,PUT,5,30.0
2026-09-28,690.0,CALL,5,171.0
2026-09-28,690.0,PUT,5,172.0
2026-09-28,692.5,CALL,5,29.0
2026-09-28,692.5,PUT,5,40.0
2026-09-28,695.0,CALL,5,101.0
2026-09-28,695.0,PUT,5,163.0
2026-09-28,697.5,CALL,5,64.0
2026-09-28,697.5,PUT,5,252.0
2026-09-28,700.0,CALL,5,270.0
2026-09-28,700.0,PUT,5,1030.0
2026-09-28,702.5,CALL,5,47.0
2026-09-28,702.5,PUT,5,128.0
2026-09-28,705.0,CALL,5,170.0
2026-09-28,705.0,PUT,5,136.0
2026-09-28,707.5,CALL,5,48.0
2026-09-28,707.5,PUT,5,79.0
2026-09-28,710.0,CALL,5,131.0
2026-09-28,710.0,PUT,5,1026.0
2026-09-28,712.5,CALL,5,59.0
2026-09-28,712.5,PUT,5,74.0
2026-09-28,715.0,CALL,5,73.0
2026-09-28,715.0,PUT,5,228.0
2026-09-28,717.5,CALL,5,58.0
2026-09-28,717.5,PUT,5,186.0
2026-09-28,720.0,CALL,5,157.0
2026-09-28,720.0,PUT,5,165.0
2026-09-28,722.5,CALL,5,43.0
2026-09-28,722.5,PUT,5,59.0
2026-09-28,725.0,CALL,5,283.0
2026-09-28,725.0,PUT,5,226.0
2026-09-28,727.5,CALL,5,84.0
2026-09-28,727.5,PUT,5,66.0
2026-09-28,730.0,CALL,5,136.0
2026-09-28,730.0,PUT,5,163.0
2026-09-28,732.5,CALL,5,35.0
2026-09-28,732.5,PUT,5,149.0
2026-09-28,735.0,CALL,5,91.0
2026-09-28,735.0,PUT,5,139.0
2026-09-28,737.5,CALL,5,402.0
2026-09-28,737.5,PUT,5,96.0
2026-09-28,740.0,CALL,5,218.0
2026-09-28,740.0,PUT,5,126.0
2026-09-28,742.5,CALL,5,129.0
2026-09-28,742.5,PUT,5,187.0
2026-09-28,745.0,CALL,5,193.0
2026-09-28,745.0,PUT,5,127.0
2026-09-28,747.5,CALL,5,131.0
2026-09-28,747.5,PUT,5,125.0
2026-09-28,750.0,CALL,5,645.0
2026-09-28,750.0,PUT,5,148.0
2026-09-28,755.0,CALL,5,391.0
2026-09-28,755.0,PUT,5,60.0
2026-09-28,760.0,CALL,5,492.0
2026-09-28,760.0,PUT,5,29.0
2026-09-28,765.0,CALL,5,660.0
2026-09-28,765.0,PUT,5,41.0
2026-09-28,770.0,CALL,5,791.0
2026-09-28,770.0,PUT,5,32.0
2026-09-28,775.0,CALL,5,193.0
2026-09-28,775.0,PUT,5,36.0
2026-09-28,780.0,CALL,5,492.0
2026-09-28,780.0,PUT,5,9.0
2026-09-28,785.0,CALL,5,115.0
2026-09-28,785.0,PUT,5,1.0
2026-09-28,790.0,CALL,5,500.0
2026-09-28,790.0,PUT,5,11.0
2026-09-28,795.0,CALL,5,123.0
2026-09-28,795.0,PUT,5,12.0
2026-09-28,800.0,CALL,5,1321.0
2026-09-28,800.0,PUT,5,1.0
2026-09-28,805.0,CALL,5,91.0
2026-09-28,810.0,CALL,5,118.0
2026-09-28,810.0,PUT,5,2.0
2026-09-28,815.0,CALL,5,92.0
2026-09-28,820.0,CALL,5,259.0
2026-09-28,820.0,PUT,5,5.0
2026-09-28,825.0,CALL,5,54.0
2026-09-28,830.0,CALL,5,81.0
2026-09-28,830.0,PUT,5,1.0
2026-09-28,835.0,CALL,5,56.0
2026-09-28,840.0,CALL,5,275.0
2026-09-28,840.0,PUT,5,14.0
2026-09-28,845.0,CALL,5,41.0
2026-09-28,850.0,CALL,5,368.0
2026-09-28,850.0,PUT,5,2.0
2026-09-28,855.0,CALL,5,55.0
2026-09-28,860.0,CALL,5,27.0
2026-09-28,865.0,CALL,5,423.0
2026-09-28,870.0,CALL,5,31.0
2026-09-28,875.0,CALL,5,46.0
2026-09-28,880.0,CALL,5,318.0
2026-09-28,885.0,CALL,5,22.0
2026-09-28,890.0,CALL,5,90.0
2026-09-28,895.0,CALL,5,51.0
2026-09-28,900.0,CALL,5,128.0
2026-09-28,905.0,CALL,5,1.0
2026-09-28,910.0,CALL,5,3.0
2026-09-28,920.0,CALL,5,1.0
2026-09-28,925.0,CALL,5,3.0
2026-09-28,930.0,CALL,5,1.0
2026-09-28,940.0,CALL,5,179.0
2026-09-28,945.0,PUT,5,0.0
2026-09-28,950.0,CALL,5,3.0
2026-09-28,955.0,CALL,5,7.0
2026-09-28,955.0,PUT,5,0.0
2026-09-28,960.0,CALL,5,18.0
2026-09-28,965.0,CALL,5,12.0
2026-09-28,970.0,CALL,5,6.0
2026-09-28,975.0,CALL,5,3.0
2026-09-28,980.0,CALL,5,7.0
2026-09-28,985.0,CALL,5,4.0
2026-09-28,985.0,PUT,5,0.0
2026-09-28,990.0,CALL,5,4.0
2026-09-28,1000.0,CALL,5,2.0
2026-09-28,1030.0,PUT,5,0.0
2026-09-28,1490.0,CALL,5,10.0
2026-09-30,510.0,PUT,7,52.0
2026-09-30,515.0,PUT,7,1.0
2026-09-30,520.0,PUT,7,2.0
2026-09-30,525.0,PUT,7,9.0
2026-09-30,530.0,PUT,7,55.0
2026-09-30,535.0,PUT,7,2.0
2026-09-30,540.0,PUT,7,2.0
2026-09-30,550.0,PUT,7,21.0
2026-09-30,555.0,PUT,7,8.0
2026-09-30,560.0,PUT,7,25.0
2026-09-30,565.0,CALL,7,1.0
2026-09-30,565.0,PUT,7,3.0
2026-09-30,570.0,CALL,7,4.0
2026-09-30,570.0,PUT,7,10.0
2026-09-30,575.0,CALL,7,5.0
2026-09-30,575.0,PUT,7,7.0
2026-09-30,577.5,CALL,7,3.0
2026-09-30,577.5,PUT,7,4.0
2026-09-30,580.0,CALL,7,3.0
2026-09-30,580.0,PUT,7,15.0
2026-09-30,582.5,CALL,7,6.0
2026-09-30,582.5,PUT,7,2.0
2026-09-30,585.0,CALL,7,1.0
2026-09-30,585.0,PUT,7,12.0
2026-09-30,587.5,CALL,7,2.0
2026-09-30,590.0,CALL,7,1.0
2026-09-30,590.0,PUT,7,4.0
2026-09-30,592.5,PUT,7,3.0
2026-09-30,595.0,CALL,7,1.0
2026-09-30,595.0,PUT,7,57.0
2026-09-30,597.5,PUT,7,14.0
2026-09-30,600.0,PUT,7,211.0
2026-09-30,602.5,CALL,7,1.0
2026-09-30,602.5,PUT,7,2.0
2026-09-30,605.0,CALL,7,8.0
2026-09-30,605.0,PUT,7,31.0
2026-09-30,607.5,CALL,7,4.0
2026-09-30,607.5,PUT,7,18.0
2026-09-30,610.0,CALL,7,5.0
2026-09-30,610.0,PUT,7,117.0
2026-09-30,612.5,CALL,7,3.0
2026-09-30,612.5,PUT,7,11.0
2026-09-30,615.0,CALL,7,7.0
2026-09-30,615.0,PUT,7,46.0
2026-09-30,617.5,CALL,7,7.0
2026-09-30,617.5,PUT,7,16.0
2026-09-30,620.0,CALL,7,8.0
2026-09-30,620.0,PUT,7,48.0
2026-09-30,622.5,CALL,7,2.0
2026-09-30,622.5,PUT,7,14.0
2026-09-30,625.0,CALL,7,5.0
2026-09-30,625.0,PUT,7,265.0
2026-09-30,627.5,CALL,7,1.0
2026-09-30,627.5,PUT,7,15.0
2026-09-30,630.0,CALL,7,8.0
2026-09-30,630.0,PUT,7,42.0
2026-09-30,632.5,CALL,7,4.0
2026-09-30,632.5,PUT,7,15.0
2026-09-30,635.0,CALL,7,6.0
2026-09-30,635.0,PUT,7,33.0
2026-09-30,637.5,CALL,7,4.0
2026-09-30,637.5,PUT,7,57.0
2026-09-30,640.0,CALL,7,7.0
2026-09-30,640.0,PUT,7,110.0
2026-09-30,642.5,CALL,7,20.0
2026-09-30,642.5,PUT,7,5.0
2026-09-30,645.0,CALL,7,37.0
2026-09-30,645.0,PUT,7,181.0
2026-09-30,647.5,CALL,7,1.0
2026-09-30,647.5,PUT,7,21.0
2026-09-30,650.0,CALL,7,33.0
2026-09-30,650.0,PUT,7,604.0
2026-09-30,652.5,CALL,7,3.0
2026-09-30,652.5,PUT,7,9.0
2026-09-30,655.0,CALL,7,47.0
2026-09-30,655.0,PUT,7,98.0
2026-09-30,657.5,PUT,7,275.0
2026-09-30,660.0,CALL,7,6.0
2026-09-30,660.0,PUT,7,51.0
2026-09-30,662.5,CALL,7,4.0
2026-09-30,662.5,PUT,7,12.0
2026-09-30,665.0,CALL,7,24.0
2026-09-30,665.0,PUT,7,46.0
2026-09-30,667.5,CALL,7,3.0
2026-09-30,667.5,PUT,7,24.0
2026-09-30,670.0,CALL,7,157.0
2026-09-30,670.0,PUT,7,284.0
2026-09-30,672.5,CALL,7,81.0
2026-09-30,672.5,PUT,7,55.0
2026-09-30,675.0,CALL,7,102.0
2026-09-30,675.0,PUT,7,187.0
2026-09-30,677.5,CALL,7,48.0
2026-09-30,677.5,PUT,7,44.0
2026-09-30,680.0,CALL,7,135.0
2026-09-30,680.0,PUT,7,448.0
2026-09-30,682.5,CALL,7,21.0
2026-09-30,682.5,PUT,7,43.0
2026-09-30,685.0,CALL,7,59.0
2026-09-30,685.0,PUT,7,151.0
2026-09-30,687.5,CALL,7,11.0
2026-09-30,687.5,PUT,7,42.0
2026-09-30,690.0,CALL,7,139.0
2026-09-30,690.0,PUT,7,109.0
2026-09-30,692.5,CALL,7,14.0
2026-09-30,692.5,PUT,7,21.0
2026-09-30,695.0,CALL,7,71.0
2026-09-30,695.0,PUT,7,63.0
2026-09-30,697.5,CALL,7,9.0
2026-09-30,697.5,PUT,7,40.0
2026-09-30,700.0,CALL,7,211.0
2026-09-30,700.0,PUT,7,365.0
2026-09-30,702.5,CALL,7,23.0
2026-09-30,702.5,PUT,7,16.0
2026-09-30,705.0,CALL,7,99.0
2026-09-30,705.0,PUT,7,78.0
2026-09-30,707.5,CALL,7,13.0
2026-09-30,707.5,PUT,7,100.0
2026-09-30,710.0,CALL,7,46.0
2026-09-30,710.0,PUT,7,127.0
2026-09-30,712.5,CALL,7,8.0
2026-09-30,712.5,PUT,7,33.0
2026-09-30,715.0,CALL,7,53.0
2026-09-30,715.0,PUT,7,88.0
2026-09-30,717.5,CALL,7,16.0
2026-09-30,717.5,PUT,7,17.0
2026-09-30,720.0,CALL,7,156.0
2026-09-30,720.0,PUT,7,453.0
2026-09-30,722.5,CALL,7,68.0
2026-09-30,722.5,PUT,7,18.0
2026-09-30,725.0,CALL,7,77.0
2026-09-30,725.0,PUT,7,54.0
2026-09-30,727.5,CALL,7,17.0
2026-09-30,727.5,PUT,7,14.0
2026-09-30,730.0,CALL,7,69.0
2026-09-30,730.0,PUT,7,115.0
2026-09-30,732.5,CALL,7,24.0
2026-09-30,732.5,PUT,7,22.0
2026-09-30,735.0,CALL,7,107.0
2026-09-30,735.0,PUT,7,120.0
2026-09-30,737.5,CALL,7,19.0
2026-09-30,737.5,PUT,7,34.0
2026-09-30,740.0,CALL,7,195.0
2026-09-30,740.0,PUT,7,121.0
2026-09-30,742.5,CALL,7,57.0
2026-09-30,742.5,PUT,7,42.0
2026-09-30,745.0,CALL,7,158.0
2026-09-30,745.0,PUT,7,109.0
2026-09-30,747.5,CALL,7,115.0
2026-09-30,747.5,PUT,7,26.0
2026-09-30,750.0,CALL,7,1796.0
2026-09-30,750.0,PUT,7,130.0
2026-09-30,755.0,CALL,7,91.0
2026-09-30,755.0,PUT,7,35.0
2026-09-30,760.0,CALL,7,272.0
2026-09-30,760.0,PUT,7,16.0
2026-09-30,765.0,CALL,7,256.0
2026-09-30,765.0,PUT,7,1.0
2026-09-30,770.0,CALL,7,450.0
2026-09-30,770.0,PUT,7,251.0
2026-09-30,775.0,CALL,7,183.0
2026-09-30,775.0,PUT,7,16.0
2026-09-30,780.0,CALL,7,160.0
2026-09-30,780.0,PUT,7,1.0
2026-09-30,785.0,CALL,7,169.0
2026-09-30,785.0,PUT,7,2.0
2026-09-30,790.0,CALL,7,244.0
2026-09-30,790.0,PUT,7,5.0
2026-09-30,795.0,CALL,7,61.0
2026-09-30,800.0,CALL,7,6460.0
2026-09-30,800.0,PUT,7,1.0
2026-09-30,805.0,CALL,7,94.0
2026-09-30,810.0,CALL,7,85.0
2026-09-30,810.0,PUT,7,0.0
2026-09-30,815.0,CALL,7,45.0
2026-09-30,820.0,CALL,7,80.0
2026-09-30,825.0,CALL,7,42.0
2026-09-30,830.0,CALL,7,207.0
2026-09-30,835.0,CALL,7,30.0
2026-09-30,840.0,CALL,7,97.0
2026-09-30,845.0,CALL,7,8.0
2026-09-30,845.0,PUT,7,1.0
2026-09-30,850.0,CALL,7,655.0
2026-09-30,855.0,CALL,7,82.0
2026-09-30,860.0,CALL,7,16.0
2026-09-30,865.0,CALL,7,3.0
2026-09-30,870.0,CALL,7,15.0
2026-09-30,875.0,CALL,7,16.0
2026-09-30,880.0,CALL,7,18.0
2026-09-30,885.0,CALL,7,4.0
2026-09-30,890.0,CALL,7,18.0
2026-09-30,895.0,CALL,7,2.0
2026-09-30,900.0,CALL,7,187.0
2026-09-30,905.0,CALL,7,3.0
2026-09-30,910.0,CALL,7,1.0
2026-09-30,915.0,CALL,7,7.0
2026-09-30,920.0,CALL,7,70.0
2026-09-30,925.0,CALL,7,6.0
2026-09-30,930.0,CALL,7,32.0
2026-09-30,935.0,CALL,7,13.0
2026-09-30,945.0,CALL,7,0.0
2026-09-30,950.0,CALL,7,4.0
2026-09-30,955.0,CALL,7,1.0
2026-09-30,960.0,CALL,7,103.0
2026-09-30,965.0,CALL,7,4.0
2026-09-30,970.0,CALL,7,1.0
2026-09-30,975.0,CALL,7,1.0
2026-09-30,980.0,CALL,7,3.0
2026-09-30,985.0,CALL,7,10.0
2026-09-30,990.0,CALL,7,5.0
2026-09-30,1000.0,CALL,7,16.0
2026-09-30,1010.0,CALL,7,87.0
2026-09-30,1020.0,CALL,7,6.0
2026-09-30,1030.0,CALL,7,31.0
2026-09-30,1040.0,CALL,7,12.0
2026-09-30,1050.0,CALL,7,13.0
2026-09-30,1060.0,CALL,7,2.0
2026-09-30,1490.0,CALL,7,5.0
2026-10-02,100.0,CALL,9,0.0
2026-10-02,130.0,PUT,9,11.0
2026-10-02,150.0,PUT,9,1053.0
2026-10-02,200.0,PUT,9,12.0
2026-10-02,220.0,CALL,9,2.0
2026-10-02,240.0,CALL,9,1.0
2026-10-02,260.0,CALL,9,0.0
2026-10-02,270.0,PUT,9,2.0
2026-10-02,280.0,PUT,9,1.0
2026-10-02,290.0,CALL,9,3.0
2026-10-02,300.0,CALL,9,3.0
2026-10-02,300.0,PUT,9,0.0
2026-10-02,310.0,PUT,9,5.0
2026-10-02,320.0,PUT,9,0.0
2026-10-02,330.0,PUT,9,13.0
2026-10-02,340.0,PUT,9,6.0
2026-10-02,350.0,PUT,9,153.0
2026-10-02,360.0,PUT,9,29.0
2026-10-02,370.0,PUT,9,17.0
2026-10-02,380.0,PUT,9,21.0
2026-10-02,390.0,PUT,9,10.0
2026-10-02,400.0,CALL,9,3.0
2026-10-02,400.0,PUT,9,192.0
2026-10-02,405.0,PUT,9,25.0
2026-10-02,410.0,PUT,9,35.0
2026-10-02,415.0,CALL,9,1.0
2026-10-02,415.0,PUT,9,121.0
2026-10-02,420.0,PUT,9,13.0
2026-10-02,425.0,PUT,9,35.0
2026-10-02,430.0,PUT,9,57.0
2026-10-02,435.0,CALL,9,1.0
2026-10-02,435.0,PUT,9,38.0
2026-10-02,440.0,PUT,9,183.0
2026-10-02,445.0,PUT,9,48.0
2026-10-02,450.0,PUT,9,82.0
2026-10-02,455.0,PUT,9,288.0
2026-10-02,460.0,PUT,9,232.0
2026-10-02,465.0,PUT,9,60.0
2026-10-02,470.0,CALL,9,1.0
2026-10-02,470.0,PUT,9,266.0
2026-10-02,475.0,CALL,9,1.0
2026-10-02,475.0,PUT,9,407.0
2026-10-02,480.0,CALL,9,2.0
2026-10-02,480.0,PUT,9,213.0
2026-10-02,485.0,CALL,9,1.0
2026-10-02,485.0,PUT,9,146.0
2026-10-02,490.0,CALL,9,13.0
2026-10-02,490.0,PUT,9,422.0
2026-10-02,495.0,CALL,9,42.0
2026-10-02,495.0,PUT,9,199.0
2026-10-02,500.0,CALL,9,39.0
2026-10-02,500.0,PUT,9,619.0
2026-10-02,505.0,CALL,9,13.0
2026-10-02,505.0,PUT,9,368.0
2026-10-02,510.0,CALL,9,12.0
2026-10-02,510.0,PUT,9,323.0
2026-10-02,515.0,CALL,9,7.0
2026-10-02,515.0,PUT,9,1940.0
2026-10-02,520.0,CALL,9,59.0
2026-10-02,520.0,PUT,9,351.0
2026-10-02,525.0,CALL,9,15.0
2026-10-02,525.0,PUT,9,408.0
2026-10-02,530.0,CALL,9,62.0
2026-10-02,530.0,PUT,9,463.0
2026-10-02,535.0,CALL,9,15.0
2026-10-02,535.0,PUT,9,240.0
2026-10-02,540.0,CALL,9,79.0
2026-10-02,540.0,PUT,9,2064.0
2026-10-02,545.0,CALL,9,39.0
2026-10-02,545.0,PUT,9,494.0
2026-10-02,550.0,CALL,9,158.0
2026-10-02,550.0,PUT,9,534.0
2026-10-02,555.0,CALL,9,137.0
2026-10-02,555.0,PUT,9,286.0
2026-10-02,560.0,CALL,9,84.0
2026-10-02,560.0,PUT,9,870.0
2026-10-02,565.0,CALL,9,272.0
2026-10-02,565.0,PUT,9,151.0
2026-10-02,570.0,CALL,9,350.0
2026-10-02,570.0,PUT,9,232.0
2026-10-02,572.5,CALL,9,2.0
2026-10-02,572.5,PUT,9,25.0
2026-10-02,575.0,CALL,9,191.0
2026-10-02,575.0,PUT,9,215.0
2026-10-02,577.5,CALL,9,0.0
2026-10-02,580.0,CALL,9,235.0
2026-10-02,580.0,PUT,9,463.0
2026-10-02,582.5,PUT,9,1.0
2026-10-02,585.0,CALL,9,145.0
2026-10-02,585.0,PUT,9,549.0
2026-10-02,587.5,PUT,9,22.0
2026-10-02,590.0,CALL,9,262.0
2026-10-02,590.0,PUT,9,445.0
2026-10-02,592.5,CALL,9,1.0
2026-10-02,592.5,PUT,9,6.0
2026-10-02,595.0,CALL,9,788.0
2026-10-02,595.0,PUT,9,249.0
2026-10-02,597.5,CALL,9,3.0
2026-10-02,597.5,PUT,9,4.0
2026-10-02,600.0,CALL,9,514.0
2026-10-02,600.0,PUT,9,2025.0
2026-10-02,602.5,CALL,9,1.0
2026-10-02,602.5,PUT,9,5.0
2026-10-02,605.0,CALL,9,368.0
2026-10-02,605.0,PUT,9,1038.0
2026-10-02,607.5,CALL,9,20.0
2026-10-02,607.5,PUT,9,87.0
2026-10-02,610.0,CALL,9,191.0
2026-10-02,610.0,PUT,9,229.0
2026-10-02,612.5,CALL,9,1.0
2026-10-02,612.5,PUT,9,35.0
2026-10-02,615.0,CALL,9,1201.0
2026-10-02,615.0,PUT,9,1100.0
2026-10-02,617.5,CALL,9,29.0
2026-10-02,617.5,PUT,9,23.0
2026-10-02,620.0,CALL,9,432.0
2026-10-02,620.0,PUT,9,901.0
2026-10-02,622.5,CALL,9,6.0
2026-10-02,622.5,PUT,9,6.0
2026-10-02,625.0,CALL,9,216.0
2026-10-02,625.0,PUT,9,328.0
2026-10-02,627.5,CALL,9,5.0
2026-10-02,627.5,PUT,9,47.0
2026-10-02,630.0,CALL,9,494.0
2026-10-02,630.0,PUT,9,935.0
2026-10-02,632.5,CALL,9,3.0
2026-10-02,632.5,PUT,9,125.0
2026-10-02,635.0,CALL,9,213.0
2026-10-02,635.0,PUT,9,606.0
2026-10-02,637.5,CALL,9,18.0
2026-10-02,637.5,PUT,9,70.0
2026-10-02,640.0,CALL,9,521.0
2026-10-02,640.0,PUT,9,324.0
2026-10-02,642.5,CALL,9,6.0
2026-10-02,642.5,PUT,9,84.0
2026-10-02,645.0,CALL,9,458.0
2026-10-02,645.0,PUT,9,405.0
2026-10-02,647.5,CALL,9,33.0
2026-10-02,647.5,PUT,9,80.0
2026-10-02,650.0,CALL,9,1670.0
2026-10-02,650.0,PUT,9,1165.0
2026-10-02,652.5,CALL,9,13.0
2026-10-02,652.5,PUT,9,2026.0
2026-10-02,655.0,CALL,9,857.0
2026-10-02,655.0,PUT,9,1931.0
2026-10-02,657.5,CALL,9,17.0
2026-10-02,657.5,PUT,9,61.0
2026-10-02,660.0,CALL,9,1085.0
2026-10-02,660.0,PUT,9,735.0
2026-10-02,662.5,CALL,9,66.0
2026-10-02,662.5,PUT,9,85.0
2026-10-02,665.0,CALL,9,339.0
2026-10-02,665.0,PUT,9,212.0
2026-10-02,667.5,CALL,9,183.0
2026-10-02,667.5,PUT,9,55.0
2026-10-02,670.0,CALL,9,4658.0
2026-10-02,670.0,PUT,9,501.0
2026-10-02,672.5,CALL,9,67.0
2026-10-02,672.5,PUT,9,111.0
2026-10-02,675.0,CALL,9,547.0
2026-10-02,675.0,PUT,9,477.0
2026-10-02,677.5,CALL,9,36.0
2026-10-02,677.5,PUT,9,60.0
2026-10-02,680.0,CALL,9,1023.0
2026-10-02,680.0,PUT,9,690.0
2026-10-02,682.5,CALL,9,48.0
2026-10-02,682.5,PUT,9,19.0
2026-10-02,685.0,CALL,9,327.0
2026-10-02,685.0,PUT,9,422.0
2026-10-02,687.5,CALL,9,16.0
2026-10-02,687.5,PUT,9,12.0
2026-10-02,690.0,CALL,9,580.0
2026-10-02,690.0,PUT,9,452.0
2026-10-02,692.5,CALL,9,1006.0
2026-10-02,692.5,PUT,9,55.0
2026-10-02,695.0,CALL,9,399.0
2026-10-02,695.0,PUT,9,164.0
2026-10-02,697.5,CALL,9,66.0
2026-10-02,697.5,PUT,9,161.0
2026-10-02,700.0,CALL,9,1223.0
2026-10-02,700.0,PUT,9,1157.0
2026-10-02,702.5,CALL,9,20.0
2026-10-02,702.5,PUT,9,60.0
2026-10-02,705.0,CALL,9,237.0
2026-10-02,705.0,PUT,9,157.0
2026-10-02,707.5,CALL,9,27.0
2026-10-02,707.5,PUT,9,146.0
2026-10-02,710.0,CALL,9,374.0
2026-10-02,710.0,PUT,9,480.0
2026-10-02,712.5,CALL,9,144.0
2026-10-02,712.5,PUT,9,174.0
2026-10-02,715.0,CALL,9,1025.0
2026-10-02,715.0,PUT,9,226.0
2026-10-02,717.5,CALL,9,74.0
2026-10-02,717.5,PUT,9,69.0
2026-10-02,720.0,CALL,9,2141.0
2026-10-02,720.0,PUT,9,296.0
2026-10-02,722.5,CALL,9,73.0
2026-10-02,722.5,PUT,9,72.0
2026-10-02,725.0,CALL,9,388.0
2026-10-02,725.0,PUT,9,370.0
2026-10-02,727.5,CALL,9,64.0
2026-10-02,727.5,PUT,9,124.0
2026-10-02,730.0,CALL,9,668.0
2026-10-02,730.0,PUT,9,1843.0
2026-10-02,732.5,CALL,9,1094.0
2026-10-02,732.5,PUT,9,49.0
2026-10-02,735.0,CALL,9,605.0
2026-10-02,735.0,PUT,9,266.0
2026-10-02,737.5,CALL,9,175.0
2026-10-02,737.5,PUT,9,88.0
2026-10-02,740.0,CALL,9,3254.0
2026-10-02,740.0,PUT,9,514.0
2026-10-02,742.5,CALL,9,158.0
2026-10-02,742.5,PUT,9,82.0
2026-10-02,745.0,CALL,9,2021.0
2026-10-02,745.0,PUT,9,199.0
2026-10-02,747.5,CALL,9,109.0
2026-10-02,747.5,PUT,9,278.0
2026-10-02,750.0,CALL,9,2419.0
2026-10-02,750.0,PUT,9,337.0
2026-10-02,755.0,CALL,9,587.0
2026-10-02,755.0,PUT,9,38.0
2026-10-02,760.0,CALL,9,524.0
2026-10-02,760.0,PUT,9,135.0
2026-10-02,765.0,CALL,9,237.0
2026-10-02,765.0,PUT,9,27.0
2026-10-02,770.0,CALL,9,1328.0
2026-10-02,770.0,PUT,9,46.0
2026-10-02,775.0,CALL,9,563.0
2026-10-02,775.0,PUT,9,6.0
2026-10-02,780.0,CALL,9,649.0
2026-10-02,780.0,PUT,9,12.0
2026-10-02,785.0,CALL,9,197.0
2026-10-02,785.0,PUT,9,5.0
2026-10-02,790.0,CALL,9,391.0
2026-10-02,790.0,PUT,9,30.0
2026-10-02,795.0,CALL,9,112.0
2026-10-02,795.0,PUT,9,6.0
2026-10-02,800.0,CALL,9,5708.0
2026-10-02,800.0,PUT,9,10.0
2026-10-02,805.0,CALL,9,670.0
2026-10-02,805.0,PUT,9,1.0
2026-10-02,810.0,CALL,9,1175.0
2026-10-02,810.0,PUT,9,1.0
2026-10-02,815.0,CALL,9,104.0
2026-10-02,820.0,CALL,9,1225.0
2026-10-02,820.0,PUT,9,4.0
2026-10-02,825.0,CALL,9,601.0
2026-10-02,825.0,PUT,9,5.0
2026-10-02,830.0,CALL,9,408.0
2026-10-02,830.0,PUT,9,18.0
2026-10-02,835.0,CALL,9,158.0
2026-10-02,835.0,PUT,9,5.0
2026-10-02,840.0,CALL,9,210.0
2026-10-02,845.0,CALL,9,50.0
2026-10-02,850.0,CALL,9,771.0
2026-10-02,850.0,PUT,9,8.0
2026-10-02,855.0,CALL,9,80.0
2026-10-02,855.0,PUT,9,2.0
2026-10-02,860.0,CALL,9,305.0
2026-10-02,865.0,CALL,9,78.0
2026-10-02,870.0,CALL,9,608.0
2026-10-02,875.0,CALL,9,78.0
2026-10-02,880.0,CALL,9,240.0
2026-10-02,885.0,CALL,9,37.0
2026-10-02,890.0,CALL,9,95.0
2026-10-02,895.0,CALL,9,13.0
2026-10-02,900.0,CALL,9,1200.0
2026-10-02,905.0,CALL,9,48.0
2026-10-02,910.0,CALL,9,82.0
2026-10-02,915.0,CALL,9,56.0
2026-10-02,920.0,CALL,9,98.0
2026-10-02,925.0,CALL,9,32.0
2026-10-02,930.0,CALL,9,116.0
2026-10-02,935.0,CALL,9,181.0
2026-10-02,940.0,CALL,9,131.0
2026-10-02,945.0,CALL,9,109.0
2026-10-02,950.0,CALL,9,56.0
2026-10-02,955.0,CALL,9,74.0
2026-10-02,960.0,CALL,9,253.0
2026-10-02,965.0,CALL,9,132.0
2026-10-02,970.0,CALL,9,207.0
2026-10-02,975.0,CALL,9,82.0
2026-10-02,980.0,CALL,9,49.0
2026-10-02,985.0,CALL,9,118.0
2026-10-02,990.0,CALL,9,253.0
2026-10-02,995.0,CALL,9,226.0
2026-10-02,1000.0,CALL,9,391.0
2026-10-02,1010.0,CALL,9,154.0
2026-10-02,1020.0,CALL,9,239.0
2026-10-02,1030.0,CALL,9,169.0
2026-10-02,1040.0,CALL,9,242.0
2026-10-02,1050.0,CALL,9,148.0
2026-10-02,1060.0,CALL,9,56.0
2026-10-02,1070.0,CALL,9,72.0
2026-10-02,1230.0,CALL,9,1.0
2026-10-02,1490.0,CALL,9,10.0
2026-10-05,515.0,PUT,12,2.0
2026-10-05,530.0,PUT,12,11.0
2026-10-05,540.0,PUT,12,6.0
2026-10-05,590.0,PUT,12,2.0
2026-10-05,595.0,PUT,12,1.0
2026-10-05,600.0,PUT,12,6.0
2026-10-05,605.0,PUT,12,2.0
2026-10-05,615.0,PUT,12,2.0
2026-10-05,620.0,PUT,12,5.0
2026-10-05,625.0,PUT,12,2.0
2026-10-05,630.0,PUT,12,17.0
2026-10-05,635.0,CALL,12,2.0
2026-10-05,635.0,PUT,12,2.0
2026-10-05,640.0,PUT,12,14.0
2026-10-05,645.0,CALL,12,2.0
2026-10-05,645.0,PUT,12,3.0
2026-10-05,650.0,CALL,12,2.0
2026-10-05,650.0,PUT,12,36.0
2026-10-05,655.0,PUT,12,7.0
2026-10-05,660.0,CALL,12,1.0
2026-10-05,660.0,PUT,12,29.0
2026-10-05,665.0,PUT,12,4.0
2026-10-05,670.0,CALL,12,5.0
2026-10-05,670.0,PUT,12,12.0
2026-10-05,675.0,CALL,12,1.0
2026-10-05,675.0,PUT,12,59.0
2026-10-05,680.0,CALL,12,5.0
2026-10-05,680.0,PUT,12,34.0
2026-10-05,685.0,CALL,12,5.0
2026-10-05,685.0,PUT,12,20.0
2026-10-05,690.0,CALL,12,5.0
2026-10-05,690.0,PUT,12,16.0
2026-10-05,692.5,PUT,12,1.0
2026-10-05,695.0,CALL,12,4.0
2026-10-05,695.0,PUT,12,29.0
2026-10-05,700.0,CALL,12,27.0
2026-10-05,700.0,PUT,12,369.0
2026-10-05,702.5,PUT,12,2.0
2026-10-05,705.0,CALL,12,2.0
2026-10-05,705.0,PUT,12,40.0
2026-10-05,707.5,PUT,12,47.0
2026-10-05,710.0,CALL,12,22.0
2026-10-05,710.0,PUT,12,81.0
2026-10-05,715.0,CALL,12,9.0
2026-10-05,715.0,PUT,12,28.0
2026-10-05,720.0,CALL,12,1654.0
2026-10-05,720.0,PUT,12,33.0
2026-10-05,725.0,CALL,12,13.0
2026-10-05,725.0,PUT,12,141.0
2026-10-05,727.5,PUT,12,1.0
2026-10-05,730.0,CALL,12,335.0
2026-10-05,730.0,PUT,12,339.0
2026-10-05,732.5,PUT,12,1.0
2026-10-05,735.0,CALL,12,107.0
2026-10-05,735.0,PUT,12,151.0
2026-10-05,737.5,CALL,12,22.0
2026-10-05,737.5,PUT,12,89.0
2026-10-05,740.0,CALL,12,2735.0
2026-10-05,740.0,PUT,12,28.0
2026-10-05,742.5,CALL,12,7.0
2026-10-05,742.5,PUT,12,24.0
2026-10-05,745.0,CALL,12,1642.0
2026-10-05,745.0,PUT,12,28.0
2026-10-05,747.5,CALL,12,24.0
2026-10-05,747.5,PUT,12,180.0
2026-10-05,750.0,CALL,12,97.0
2026-10-05,750.0,PUT,12,28.0
2026-10-05,755.0,CALL,12,32.0
2026-10-05,755.0,PUT,12,4.0
2026-10-05,760.0,CALL,12,45.0
2026-10-05,765.0,CALL,12,3.0
2026-10-05,765.0,PUT,12,2.0
2026-10-05,770.0,CALL,12,51.0
2026-10-05,770.0,PUT,12,12.0
2026-10-05,775.0,CALL,12,6.0
2026-10-05,780.0,CALL,12,12.0
2026-10-05,785.0,CALL,12,11.0
2026-10-05,790.0,CALL,12,7.0
2026-10-05,795.0,CALL,12,3.0
2026-10-05,800.0,CALL,12,111.0
2026-10-05,805.0,CALL,12,10.0
2026-10-05,805.0,PUT,12,7.0
2026-10-05,815.0,CALL,12,1.0
2026-10-05,825.0,CALL,12,9.0
2026-10-05,830.0,CALL,12,3.0
2026-10-05,835.0,CALL,12,1.0
2026-10-05,840.0,CALL,12,5.0
2026-10-05,845.0,CALL,12,2.0
2026-10-05,850.0,CALL,12,11.0
2026-10-05,855.0,CALL,12,5.0
2026-10-05,860.0,CALL,12,5.0
2026-10-05,865.0,CALL,12,4.0
2026-10-05,870.0,CALL,12,1.0
2026-10-05,880.0,CALL,12,7.0
2026-10-05,895.0,CALL,12,2.0
2026-10-05,900.0,CALL,12,3.0
2026-10-05,910.0,CALL,12,15.0
2026-10-05,920.0,CALL,12,1.0
2026-10-05,925.0,CALL,12,2.0
2026-10-05,930.0,CALL,12,2.0
2026-10-05,1000.0,CALL,12,11.0
2026-10-09,100.0,PUT,16,1.0
2026-10-09,240.0,CALL,16,7.0
2026-10-09,260.0,PUT,16,17.0
2026-10-09,270.0,PUT,16,3.0
2026-10-09,280.0,PUT,16,3.0
2026-10-09,290.0,PUT,16,0.0
2026-10-09,300.0,PUT,16,1.0
2026-10-09,320.0,PUT,16,1.0
2026-10-09,330.0,PUT,16,1.0
2026-10-09,340.0,PUT,16,7.0
2026-10-09,350.0,PUT,16,13.0
2026-10-09,360.0,PUT,16,9.0
2026-10-09,370.0,PUT,16,22.0
2026-10-09,380.0,PUT,16,7.0
2026-10-09,390.0,PUT,16,6.0
2026-10-09,400.0,CALL,16,2.0
2026-10-09,400.0,PUT,16,18.0
2026-10-09,405.0,PUT,16,12.0
2026-10-09,410.0,PUT,16,13.0
2026-10-09,415.0,PUT,16,13.0
2026-10-09,420.0,PUT,16,9.0
2026-10-09,425.0,PUT,16,15.0
2026-10-09,430.0,PUT,16,17.0
2026-10-09,435.0,CALL,16,0.0
2026-10-09,435.0,PUT,16,111.0
2026-10-09,440.0,PUT,16,52.0
2026-10-09,445.0,PUT,16,34.0
2026-10-09,450.0,PUT,16,15.0
2026-10-09,455.0,PUT,16,7.0
2026-10-09,460.0,PUT,16,23.0
2026-10-09,465.0,PUT,16,110.0
2026-10-09,470.0,PUT,16,39.0
2026-10-09,475.0,PUT,16,29.0
2026-10-09,480.0,PUT,16,299.0
2026-10-09,485.0,PUT,16,264.0
2026-10-09,490.0,CALL,16,2.0
2026-10-09,490.0,PUT,16,292.0
2026-10-09,495.0,PUT,16,43.0
2026-10-09,500.0,CALL,16,3.0
2026-10-09,500.0,PUT,16,1578.0
2026-10-09,505.0,PUT,16,62.0
2026-10-09,510.0,CALL,16,1.0
2026-10-09,510.0,PUT,16,163.0
2026-10-09,515.0,PUT,16,1153.0
2026-10-09,520.0,CALL,16,1.0
2026-10-09,520.0,PUT,16,68.0
2026-10-09,525.0,CALL,16,5.0
2026-10-09,525.0,PUT,16,91.0
2026-10-09,530.0,CALL,16,1.0
2026-10-09,530.0,PUT,16,89.0
2026-10-09,535.0,CALL,16,2.0
2026-10-09,535.0,PUT,16,73.0
2026-10-09,540.0,CALL,16,2.0
2026-10-09,540.0,PUT,16,148.0
2026-10-09,545.0,CALL,16,13.0
2026-10-09,545.0,PUT,16,201.0
2026-10-09,550.0,CALL,16,22.0
2026-10-09,550.0,PUT,16,313.0
2026-10-09,555.0,CALL,16,85.0
2026-10-09,555.0,PUT,16,54.0
2026-10-09,560.0,CALL,16,22.0
2026-10-09,560.0,PUT,16,90.0
2026-10-09,565.0,CALL,16,29.0
2026-10-09,565.0,PUT,16,3661.0
2026-10-09,570.0,CALL,16,76.0
2026-10-09,570.0,PUT,16,180.0
2026-10-09,575.0,CALL,16,97.0
2026-10-09,575.0,PUT,16,76.0
2026-10-09,580.0,CALL,16,72.0
2026-10-09,580.0,PUT,16,236.0
2026-10-09,585.0,CALL,16,81.0
2026-10-09,585.0,PUT,16,125.0
2026-10-09,590.0,CALL,16,34.0
2026-10-09,590.0,PUT,16,188.0
2026-10-09,595.0,CALL,16,26.0
2026-10-09,595.0,PUT,16,383.0
2026-10-09,600.0,CALL,16,46.0
2026-10-09,600.0,PUT,16,524.0
2026-10-09,605.0,CALL,16,90.0
2026-10-09,605.0,PUT,16,365.0
2026-10-09,610.0,CALL,16,118.0
2026-10-09,610.0,PUT,16,168.0
2026-10-09,615.0,CALL,16,342.0
2026-10-09,615.0,PUT,16,109.0
2026-10-09,620.0,CALL,16,124.0
2026-10-09,620.0,PUT,16,187.0
2026-10-09,625.0,CALL,16,56.0
2026-10-09,625.0,PUT,16,457.0
2026-10-09,630.0,CALL,16,265.0
2026-10-09,630.0,PUT,16,150.0
2026-10-09,635.0,CALL,16,68.0
2026-10-09,635.0,PUT,16,180.0
2026-10-09,640.0,CALL,16,210.0
2026-10-09,640.0,PUT,16,318.0
2026-10-09,645.0,CALL,16,128.0
2026-10-09,645.0,PUT,16,452.0
2026-10-09,650.0,CALL,16,250.0
2026-10-09,650.0,PUT,16,242.0
2026-10-09,655.0,CALL,16,143.0
2026-10-09,655.0,PUT,16,189.0
2026-10-09,657.5,CALL,16,2.0
2026-10-09,657.5,PUT,16,8.0
2026-10-09,660.0,CALL,16,351.0
2026-10-09,660.0,PUT,16,131.0
2026-10-09,662.5,CALL,16,5.0
2026-10-09,662.5,PUT,16,24.0
2026-10-09,665.0,CALL,16,749.0
2026-10-09,665.0,PUT,16,173.0
2026-10-09,667.5,PUT,16,2.0
2026-10-09,670.0,CALL,16,459.0
2026-10-09,670.0,PUT,16,159.0
2026-10-09,672.5,CALL,16,15.0
2026-10-09,672.5,PUT,16,22.0
2026-10-09,675.0,CALL,16,323.0
2026-10-09,675.0,PUT,16,190.0
2026-10-09,677.5,CALL,16,7.0
2026-10-09,677.5,PUT,16,7.0
2026-10-09,680.0,CALL,16,244.0
2026-10-09,680.0,PUT,16,196.0
2026-10-09,682.5,CALL,16,2.0
2026-10-09,682.5,PUT,16,22.0
2026-10-09,685.0,CALL,16,418.0
2026-10-09,685.0,PUT,16,134.0
2026-10-09,687.5,CALL,16,8.0
2026-10-09,687.5,PUT,16,111.0
2026-10-09,690.0,CALL,16,229.0
2026-10-09,690.0,PUT,16,191.0
2026-10-09,692.5,CALL,16,6.0
2026-10-09,692.5,PUT,16,11.0
2026-10-09,695.0,CALL,16,196.0
2026-10-09,695.0,PUT,16,46.0
2026-10-09,697.5,CALL,16,15.0
2026-10-09,697.5,PUT,16,18.0
2026-10-09,700.0,CALL,16,618.0
2026-10-09,700.0,PUT,16,472.0
2026-10-09,702.5,CALL,16,38.0
2026-10-09,702.5,PUT,16,279.0
2026-10-09,705.0,CALL,16,150.0
2026-10-09,705.0,PUT,16,193.0
2026-10-09,710.0,CALL,16,266.0
2026-10-09,710.0,PUT,16,374.0
2026-10-09,715.0,CALL,16,403.0
2026-10-09,715.0,PUT,16,142.0
2026-10-09,720.0,CALL,16,464.0
2026-10-09,720.0,PUT,16,144.0
2026-10-09,725.0,CALL,16,304.0
2026-10-09,725.0,PUT,16,110.0
2026-10-09,730.0,CALL,16,231.0
2026-10-09,730.0,PUT,16,224.0
2026-10-09,735.0,CALL,16,129.0
2026-10-09,735.0,PUT,16,58.0
2026-10-09,740.0,CALL,16,269.0
2026-10-09,740.0,PUT,16,142.0
2026-10-09,745.0,CALL,16,169.0
2026-10-09,745.0,PUT,16,79.0
2026-10-09,750.0,CALL,16,776.0
2026-10-09,750.0,PUT,16,144.0
2026-10-09,755.0,CALL,16,128.0
2026-10-09,755.0,PUT,16,43.0
2026-10-09,760.0,CALL,16,284.0
2026-10-09,760.0,PUT,16,46.0
2026-10-09,765.0,CALL,16,188.0
2026-10-09,765.0,PUT,16,52.0
2026-10-09,770.0,CALL,16,379.0
2026-10-09,770.0,PUT,16,20.0
2026-10-09,775.0,CALL,16,149.0
2026-10-09,775.0,PUT,16,11.0
2026-10-09,780.0,CALL,16,220.0
2026-10-09,780.0,PUT,16,13.0
2026-10-09,785.0,CALL,16,121.0
2026-10-09,785.0,PUT,16,5.0
2026-10-09,790.0,CALL,16,232.0
2026-10-09,790.0,PUT,16,1.0
2026-10-09,795.0,CALL,16,222.0
2026-10-09,795.0,PUT,16,2.0
2026-10-09,800.0,CALL,16,489.0
2026-10-09,800.0,PUT,16,11.0
2026-10-09,805.0,CALL,16,60.0
2026-10-09,805.0,PUT,16,2.0
2026-10-09,810.0,CALL,16,193.0
2026-10-09,810.0,PUT,16,1.0
2026-10-09,815.0,CALL,16,64.0
2026-10-09,815.0,PUT,16,1.0
2026-10-09,820.0,CALL,16,164.0
2026-10-09,820.0,PUT,16,3.0
2026-10-09,825.0,CALL,16,85.0
2026-10-09,830.0,CALL,16,46.0
2026-10-09,830.0,PUT,16,1.0
2026-10-09,835.0,CALL,16,147.0
2026-10-09,840.0,CALL,16,101.0
2026-10-09,845.0,CALL,16,264.0
2026-10-09,850.0,CALL,16,278.0
2026-10-09,855.0,CALL,16,68.0
2026-10-09,855.0,PUT,16,1.0
2026-10-09,860.0,CALL,16,61.0
2026-10-09,865.0,CALL,16,54.0
2026-10-09,870.0,CALL,16,57.0
2026-10-09,875.0,CALL,16,33.0
2026-10-09,880.0,CALL,16,58.0
2026-10-09,885.0,CALL,16,29.0
2026-10-09,890.0,CALL,16,81.0
2026-10-09,890.0,PUT,16,1.0
2026-10-09,895.0,CALL,16,83.0
2026-10-09,900.0,CALL,16,423.0
2026-10-09,905.0,CALL,16,31.0
2026-10-09,910.0,CALL,16,118.0
2026-10-09,915.0,CALL,16,99.0
2026-10-09,920.0,CALL,16,31.0
2026-10-09,925.0,CALL,16,141.0
2026-10-09,930.0,CALL,16,28.0
2026-10-09,935.0,CALL,16,52.0
2026-10-09,940.0,CALL,16,38.0
2026-10-09,945.0,CALL,16,35.0
2026-10-09,950.0,CALL,16,42.0
2026-10-09,955.0,CALL,16,120.0
2026-10-09,960.0,CALL,16,43.0
2026-10-09,965.0,CALL,16,66.0
2026-10-09,970.0,CALL,16,49.0
2026-10-09,975.0,CALL,16,36.0
2026-10-09,980.0,CALL,16,29.0
2026-10-09,985.0,CALL,16,43.0
2026-10-09,990.0,CALL,16,56.0
2026-10-09,995.0,CALL,16,26.0
2026-10-09,1000.0,CALL,16,36.0
2026-10-09,1010.0,CALL,16,121.0
2026-10-09,1020.0,CALL,16,105.0
2026-10-09,1030.0,CALL,16,117.0
2026-10-09,1040.0,CALL,16,138.0
2026-10-09,1050.0,CALL,16,124.0
2026-10-09,1060.0,CALL,16,132.0
2026-10-09,1070.0,CALL,16,199.0
2026-10-16,270.0,CALL,23,1247.0
2026-10-16,270.0,PUT,23,428.0
2026-10-16,280.0,CALL,23,2.0
2026-10-16,280.0,PUT,23,616.0
2026-10-16,290.0,PUT,23,1487.0
2026-10-16,300.0,CALL,23,305.0
2026-10-16,300.0,PUT,23,1680.0
2026-10-16,310.0,CALL,23,2.0
2026-10-16,310.0,PUT,23,961.0
2026-10-16,320.0,CALL,23,8.0
2026-10-16,320.0,PUT,23,270.0
2026-10-16,330.0,CALL,23,0.0
2026-10-16,330.0,PUT,23,829.0
2026-10-16,340.0,CALL,23,1.0
2026-10-16,340.0,PUT,23,369.0
2026-10-16,350.0,CALL,23,10.0
2026-10-16,350.0,PUT,23,540.0
2026-10-16,360.0,CALL,23,0.0
2026-10-16,360.0,PUT,23,301.0
2026-10-16,370.0,CALL,23,0.0
2026-10-16,370.0,PUT,23,222.0
2026-10-16,380.0,CALL,23,16.0
2026-10-16,380.0,PUT,23,292.0
2026-10-16,390.0,CALL,23,3.0
2026-10-16,390.0,PUT,23,450.0
2026-10-16,400.0,CALL,23,19.0
2026-10-16,400.0,PUT,23,1390.0
2026-10-16,405.0,PUT,23,72.0
2026-10-16,410.0,CALL,23,15.0
2026-10-16,410.0,PUT,23,1179.0
2026-10-16,415.0,CALL,23,7.0
2026-10-16,415.0,PUT,23,232.0
2026-10-16,420.0,CALL,23,0.0
2026-10-16,420.0,PUT,23,362.0
2026-10-16,425.0,CALL,23,1.0
2026-10-16,425.0,PUT,23,188.0
2026-10-16,430.0,CALL,23,21.0
2026-10-16,430.0,PUT,23,529.0
2026-10-16,435.0,CALL,23,24.0
2026-10-16,435.0,PUT,23,151.0
2026-10-16,440.0,CALL,23,29.0
2026-10-16,440.0,PUT,23,767.0
2026-10-16,445.0,CALL,23,25.0
2026-10-16,445.0,PUT,23,105.0
2026-10-16,450.0,CALL,23,602.0
2026-10-16,450.0,PUT,23,3025.0
2026-10-16,455.0,CALL,23,34.0
2026-10-16,455.0,PUT,23,593.0
2026-10-16,460.0,CALL,23,20.0
2026-10-16,460.0,PUT,23,1066.0
2026-10-16,465.0,CALL,23,15.0
2026-10-16,465.0,PUT,23,609.0
2026-10-16,470.0,CALL,23,23.0
2026-10-16,470.0,PUT,23,1768.0
2026-10-16,475.0,CALL,23,0.0
2026-10-16,475.0,PUT,23,542.0
2026-10-16,480.0,CALL,23,161.0
2026-10-16,480.0,PUT,23,2320.0
2026-10-16,485.0,CALL,23,27.0
2026-10-16,485.0,PUT,23,2113.0
2026-10-16,490.0,CALL,23,64.0
2026-10-16,490.0,PUT,23,1424.0
2026-10-16,495.0,CALL,23,41.0
2026-10-16,495.0,PUT,23,715.0
2026-10-16,500.0,CALL,23,524.0
2026-10-16,500.0,PUT,23,4343.0
2026-10-16,505.0,CALL,23,30.0
2026-10-16,505.0,PUT,23,923.0
2026-10-16,510.0,CALL,23,50.0
2026-10-16,510.0,PUT,23,1651.0
2026-10-16,515.0,CALL,23,121.0
2026-10-16,515.0,PUT,23,1711.0
2026-10-16,520.0,CALL,23,393.0
2026-10-16,520.0,PUT,23,2180.0
2026-10-16,525.0,CALL,23,165.0
2026-10-16,525.0,PUT,23,1738.0
2026-10-16,530.0,CALL,23,263.0
2026-10-16,530.0,PUT,23,2032.0
2026-10-16,535.0,CALL,23,537.0
2026-10-16,535.0,PUT,23,755.0
2026-10-16,540.0,CALL,23,444.0
2026-10-16,540.0,PUT,23,4379.0
2026-10-16,545.0,CALL,23,215.0
2026-10-16,545.0,PUT,23,735.0
2026-10-16,550.0,CALL,23,2629.0
2026-10-16,550.0,PUT,23,6001.0
2026-10-16,555.0,CALL,23,350.0
2026-10-16,555.0,PUT,23,596.0
2026-10-16,560.0,CALL,23,1119.0
2026-10-16,560.0,PUT,23,2414.0
2026-10-16,565.0,CALL,23,607.0
2026-10-16,565.0,PUT,23,653.0
2026-10-16,570.0,CALL,23,2176.0
2026-10-16,570.0,PUT,23,2475.0
2026-10-16,575.0,CALL,23,1840.0
2026-10-16,575.0,PUT,23,878.0
2026-10-16,580.0,CALL,23,1658.0
2026-10-16,580.0,PUT,23,3599.0
2026-10-16,585.0,CALL,23,3973.0
2026-10-16,585.0,PUT,23,3291.0
2026-10-16,590.0,CALL,23,1789.0
2026-10-16,590.0,PUT,23,1920.0
2026-10-16,595.0,CALL,23,687.0
2026-10-16,595.0,PUT,23,683.0
2026-10-16,600.0,CALL,23,7638.0
2026-10-16,600.0,PUT,23,7154.0
2026-10-16,605.0,CALL,23,806.0
2026-10-16,605.0,PUT,23,841.0
2026-10-16,610.0,CALL,23,1396.0
2026-10-16,610.0,PUT,23,1764.0
2026-10-16,615.0,CALL,23,1155.0
2026-10-16,615.0,PUT,23,1272.0
2026-10-16,620.0,CALL,23,4288.0
2026-10-16,620.0,PUT,23,2257.0
2026-10-16,625.0,CALL,23,1142.0
2026-10-16,625.0,PUT,23,1302.0
2026-10-16,630.0,CALL,23,3207.0
2026-10-16,630.0,PUT,23,1545.0
2026-10-16,635.0,CALL,23,751.0
2026-10-16,635.0,PUT,23,470.0
2026-10-16,640.0,CALL,23,4461.0
2026-10-16,640.0,PUT,23,2691.0
2026-10-16,645.0,CALL,23,1010.0
2026-10-16,645.0,PUT,23,893.0
2026-10-16,650.0,CALL,23,7744.0
2026-10-16,650.0,PUT,23,2701.0
2026-10-16,655.0,CALL,23,1624.0
2026-10-16,655.0,PUT,23,833.0
2026-10-16,657.5,CALL,23,14.0
2026-10-16,657.5,PUT,23,36.0
2026-10-16,660.0,CALL,23,2573.0
2026-10-16,660.0,PUT,23,2014.0
2026-10-16,662.5,CALL,23,15.0
2026-10-16,662.5,PUT,23,82.0
2026-10-16,665.0,CALL,23,1563.0
2026-10-16,665.0,PUT,23,530.0
2026-10-16,667.5,CALL,23,8.0
2026-10-16,667.5,PUT,23,139.0
2026-10-16,670.0,CALL,23,3472.0
2026-10-16,670.0,PUT,23,1823.0
2026-10-16,672.5,CALL,23,15.0
2026-10-16,672.5,PUT,23,86.0
2026-10-16,675.0,CALL,23,3631.0
2026-10-16,675.0,PUT,23,1367.0
2026-10-16,677.5,CALL,23,31.0
2026-10-16,677.5,PUT,23,154.0
2026-10-16,680.0,CALL,23,5497.0
2026-10-16,680.0,PUT,23,1165.0
2026-10-16,682.5,CALL,23,86.0
2026-10-16,682.5,PUT,23,131.0
2026-10-16,685.0,CALL,23,1226.0
2026-10-16,685.0,PUT,23,753.0
2026-10-16,687.5,CALL,23,45.0
2026-10-16,687.5,PUT,23,185.0
2026-10-16,690.0,CALL,23,3612.0
2026-10-16,690.0,PUT,23,532.0
2026-10-16,692.5,CALL,23,32.0
2026-10-16,692.5,PUT,23,125.0
2026-10-16,695.0,CALL,23,2819.0
2026-10-16,695.0,PUT,23,539.0
2026-10-16,697.5,CALL,23,167.0
2026-10-16,697.5,PUT,23,128.0
2026-10-16,700.0,CALL,23,23095.0
2026-10-16,700.0,PUT,23,2975.0
2026-10-16,702.5,CALL,23,101.0
2026-10-16,702.5,PUT,23,198.0
2026-10-16,705.0,CALL,23,2161.0
2026-10-16,705.0,PUT,23,493.0
2026-10-16,710.0,CALL,23,7239.0
2026-10-16,710.0,PUT,23,1456.0
2026-10-16,715.0,CALL,23,1637.0
2026-10-16,715.0,PUT,23,597.0
2026-10-16,720.0,CALL,23,4275.0
2026-10-16,720.0,PUT,23,789.0
2026-10-16,725.0,CALL,23,3809.0
2026-10-16,725.0,PUT,23,933.0
2026-10-16,730.0,CALL,23,3929.0
2026-10-16,730.0,PUT,23,513.0
2026-10-16,735.0,CALL,23,2137.0
2026-10-16,735.0,PUT,23,436.0
2026-10-16,740.0,CALL,23,4996.0
2026-10-16,740.0,PUT,23,1256.0
2026-10-16,745.0,CALL,23,722.0
2026-10-16,745.0,PUT,23,423.0
2026-10-16,750.0,CALL,23,14126.0
2026-10-16,750.0,PUT,23,1589.0
2026-10-16,755.0,CALL,23,3256.0
2026-10-16,755.0,PUT,23,120.0
2026-10-16,760.0,CALL,23,7032.0
2026-10-16,760.0,PUT,23,320.0
2026-10-16,765.0,CALL,23,15032.0
2026-10-16,765.0,PUT,23,41.0
2026-10-16,770.0,CALL,23,5765.0
2026-10-16,770.0,PUT,23,78.0
2026-10-16,775.0,CALL,23,19445.0
2026-10-16,775.0,PUT,23,44.0
2026-10-16,780.0,CALL,23,6250.0
2026-10-16,780.0,PUT,23,31.0
2026-10-16,785.0,CALL,23,472.0
2026-10-16,785.0,PUT,23,31.0
2026-10-16,790.0,CALL,23,2146.0
2026-10-16,790.0,PUT,23,74.0
2026-10-16,795.0,CALL,23,470.0
2026-10-16,795.0,PUT,23,36.0
2026-10-16,800.0,CALL,23,15623.0
2026-10-16,800.0,PUT,23,517.0
2026-10-16,805.0,CALL,23,3081.0
2026-10-16,805.0,PUT,23,22.0
2026-10-16,810.0,CALL,23,3284.0
2026-10-16,810.0,PUT,23,31.0
2026-10-16,815.0,CALL,23,5393.0
2026-10-16,815.0,PUT,23,22.0
2026-10-16,820.0,CALL,23,11284.0
2026-10-16,820.0,PUT,23,45.0
2026-10-16,825.0,CALL,23,5244.0
2026-10-16,825.0,PUT,23,23.0
2026-10-16,830.0,CALL,23,6944.0
2026-10-16,830.0,PUT,23,37.0
2026-10-16,835.0,CALL,23,2029.0
2026-10-16,835.0,PUT,23,81.0
2026-10-16,840.0,CALL,23,1163.0
2026-10-16,845.0,CALL,23,185.0
2026-10-16,850.0,CALL,23,3638.0
2026-10-16,850.0,PUT,23,4.0
2026-10-16,855.0,CALL,23,346.0
2026-10-16,855.0,PUT,23,3.0
2026-10-16,860.0,CALL,23,1263.0
2026-10-16,860.0,PUT,23,1.0
2026-10-16,865.0,CALL,23,438.0
2026-10-16,870.0,CALL,23,1110.0
2026-10-16,875.0,CALL,23,424.0
2026-10-16,880.0,CALL,23,553.0
2026-10-16,885.0,CALL,23,530.0
2026-10-16,890.0,CALL,23,229.0
2026-10-16,890.0,PUT,23,0.0
2026-10-16,895.0,CALL,23,74.0
2026-10-16,900.0,CALL,23,4415.0
2026-10-16,900.0,PUT,23,5.0
2026-10-16,905.0,CALL,23,95.0
2026-10-16,910.0,CALL,23,225.0
2026-10-16,910.0,PUT,23,0.0
2026-10-16,915.0,CALL,23,151.0
2026-10-16,920.0,CALL,23,157.0
2026-10-16,920.0,PUT,23,0.0
2026-10-16,925.0,CALL,23,119.0
2026-10-16,930.0,CALL,23,432.0
2026-10-16,930.0,PUT,23,0.0
2026-10-16,935.0,CALL,23,68.0
2026-10-16,940.0,CALL,23,156.0
2026-10-16,945.0,CALL,23,25.0
2026-10-16,950.0,CALL,23,682.0
2026-10-16,950.0,PUT,23,1.0
2026-10-16,955.0,CALL,23,68.0
2026-10-16,960.0,CALL,23,99.0
2026-10-16,960.0,PUT,23,0.0
2026-10-16,965.0,CALL,23,199.0
2026-10-16,970.0,CALL,23,530.0
2026-10-16,970.0,PUT,23,0.0
2026-10-16,975.0,CALL,23,67.0
2026-10-16,975.0,PUT,23,0.0
2026-10-16,980.0,CALL,23,231.0
2026-10-16,980.0,PUT,23,0.0
2026-10-16,990.0,CALL,23,134.0
2026-10-16,990.0,PUT,23,0.0
2026-10-16,1000.0,CALL,23,2267.0
2026-10-16,1000.0,PUT,23,1.0
2026-10-16,1010.0,CALL,23,57.0
2026-10-16,1020.0,CALL,23,64.0
2026-10-16,1030.0,CALL,23,117.0
2026-10-16,1040.0,CALL,23,380.0
2026-10-16,1050.0,CALL,23,831.0
2026-10-16,1060.0,CALL,23,436.0
2026-10-16,1070.0,CALL,23,550.0
2026-10-16,1080.0,CALL,23,451.0
2026-10-16,1090.0,CALL,23,122.0
2026-10-16,1100.0,CALL,23,767.0
2026-10-16,1110.0,CALL,23,364.0
2026-10-16,1120.0,CALL,23,765.0
2026-10-16,1130.0,CALL,23,561.0
2026-10-16,1140.0,CALL,23,355.0
2026-10-16,1150.0,CALL,23,201.0
2026-10-16,1160.0,CALL,23,3030.0
2026-10-16,1170.0,CALL,23,2394.0
2026-10-16,1180.0,CALL,23,1868.0
2026-10-16,1190.0,CALL,23,221.0
2026-10-16,1200.0,CALL,23,3219.0
2026-10-16,1210.0,CALL,23,2081.0
2026-10-16,1220.0,CALL,23,3148.0
2026-10-16,1230.0,CALL,23,1286.0
2026-10-16,1240.0,CALL,23,2065.0
2026-10-16,1250.0,CALL,23,525.0
2026-10-16,1490.0,CALL,23,19.0
2026-10-23,100.0,PUT,30,4.0
2026-10-23,180.0,PUT,30,13.0
2026-10-23,330.0,PUT,30,3.0
2026-10-23,360.0,PUT,30,2.0
2026-10-23,370.0,PUT,30,2.0
2026-10-23,400.0,CALL,30,2.0
2026-10-23,400.0,PUT,30,3.0
2026-10-23,405.0,PUT,30,2.0
2026-10-23,410.0,PUT,30,4.0
2026-10-23,415.0,PUT,30,4.0
2026-10-23,420.0,PUT,30,5.0
2026-10-23,425.0,CALL,30,1.0
2026-10-23,425.0,PUT,30,3.0
2026-10-23,430.0,PUT,30,7.0
2026-10-23,435.0,PUT,30,16.0
2026-10-23,440.0,PUT,30,25.0
2026-10-23,445.0,PUT,30,42.0
2026-10-23,450.0,PUT,30,19.0
2026-10-23,455.0,PUT,30,8.0
2026-10-23,460.0,PUT,30,29.0
2026-10-23,465.0,PUT,30,11.0
2026-10-23,470.0,PUT,30,14.0
2026-10-23,475.0,CALL,30,1.0
2026-10-23,475.0,PUT,30,3.0
2026-10-23,480.0,CALL,30,1.0
2026-10-23,480.0,PUT,30,24.0
2026-10-23,485.0,PUT,30,4.0
2026-10-23,490.0,PUT,30,11.0
2026-10-23,495.0,PUT,30,14.0
2026-10-23,500.0,CALL,30,2.0
2026-10-23,500.0,PUT,30,161.0
2026-10-23,505.0,PUT,30,15.0
2026-10-23,510.0,PUT,30,24.0
2026-10-23,515.0,PUT,30,15.0
2026-10-23,520.0,PUT,30,63.0
2026-10-23,525.0,CALL,30,2.0
2026-10-23,525.0,PUT,30,51.0
2026-10-23,530.0,PUT,30,149.0
2026-10-23,535.0,CALL,30,2.0
2026-10-23,535.0,PUT,30,84.0
2026-10-23,540.0,CALL,30,1.0
2026-10-23,540.0,PUT,30,240.0
2026-10-23,545.0,CALL,30,3.0
2026-10-23,545.0,PUT,30,192.0
2026-10-23,550.0,CALL,30,21.0
2026-10-23,550.0,PUT,30,368.0
2026-10-23,555.0,CALL,30,6.0
2026-10-23,555.0,PUT,30,97.0
2026-10-23,560.0,CALL,30,5.0
2026-10-23,560.0,PUT,30,211.0
2026-10-23,565.0,CALL,30,37.0
2026-10-23,565.0,PUT,30,122.0
2026-10-23,570.0,CALL,30,6.0
2026-10-23,570.0,PUT,30,106.0
2026-10-23,575.0,CALL,30,12.0
2026-10-23,575.0,PUT,30,141.0
2026-10-23,580.0,CALL,30,11.0
2026-10-23,580.0,PUT,30,157.0
2026-10-23,585.0,CALL,30,12.0
2026-10-23,585.0,PUT,30,86.0
2026-10-23,590.0,CALL,30,11.0
2026-10-23,590.0,PUT,30,128.0
2026-10-23,595.0,CALL,30,5.0
2026-10-23,595.0,PUT,30,335.0
2026-10-23,600.0,CALL,30,106.0
2026-10-23,600.0,PUT,30,509.0
2026-10-23,605.0,CALL,30,8.0
2026-10-23,605.0,PUT,30,169.0
2026-10-23,610.0,CALL,30,32.0
2026-10-23,610.0,PUT,30,272.0
2026-10-23,615.0,CALL,30,23.0
2026-10-23,615.0,PUT,30,410.0
2026-10-23,620.0,CALL,30,78.0
2026-10-23,620.0,PUT,30,452.0
2026-10-23,625.0,CALL,30,73.0
2026-10-23,625.0,PUT,30,134.0
2026-10-23,630.0,CALL,30,471.0
2026-10-23,630.0,PUT,30,205.0
2026-10-23,635.0,CALL,30,81.0
2026-10-23,635.0,PUT,30,203.0
2026-10-23,640.0,CALL,30,209.0
2026-10-23,640.0,PUT,30,223.0
2026-10-23,645.0,CALL,30,149.0
2026-10-23,645.0,PUT,30,104.0
2026-10-23,650.0,CALL,30,196.0
2026-10-23,650.0,PUT,30,390.0
2026-10-23,655.0,CALL,30,148.0
2026-10-23,655.0,PUT,30,230.0
2026-10-23,660.0,CALL,30,452.0
2026-10-23,660.0,PUT,30,287.0
2026-10-23,665.0,CALL,30,150.0
2026-10-23,665.0,PUT,30,207.0
2026-10-23,670.0,CALL,30,284.0
2026-10-23,670.0,PUT,30,237.0
2026-10-23,675.0,CALL,30,234.0
2026-10-23,675.0,PUT,30,249.0
2026-10-23,680.0,CALL,30,480.0
2026-10-23,680.0,PUT,30,236.0
2026-10-23,685.0,CALL,30,99.0
2026-10-23,685.0,PUT,30,132.0
2026-10-23,690.0,CALL,30,218.0
2026-10-23,690.0,PUT,30,149.0
2026-10-23,695.0,CALL,30,107.0
2026-10-23,695.0,PUT,30,81.0
2026-10-23,700.0,CALL,30,1190.0
2026-10-23,700.0,PUT,30,1846.0
2026-10-23,705.0,CALL,30,124.0
2026-10-23,705.0,PUT,30,126.0
2026-10-23,710.0,CALL,30,301.0
2026-10-23,710.0,PUT,30,106.0
2026-10-23,715.0,CALL,30,132.0
2026-10-23,715.0,PUT,30,57.0
2026-10-23,720.0,CALL,30,478.0
2026-10-23,720.0,PUT,30,100.0
2026-10-23,725.0,CALL,30,356.0
2026-10-23,725.0,PUT,30,352.0
2026-10-23,730.0,CALL,30,198.0
2026-10-23,730.0,PUT,30,70.0
2026-10-23,735.0,CALL,30,235.0
2026-10-23,735.0,PUT,30,44.0
2026-10-23,740.0,CALL,30,372.0
2026-10-23,740.0,PUT,30,125.0
2026-10-23,745.0,CALL,30,141.0
2026-10-23,745.0,PUT,30,61.0
2026-10-23,750.0,CALL,30,498.0
2026-10-23,750.0,PUT,30,188.0
2026-10-23,755.0,CALL,30,168.0
2026-10-23,755.0,PUT,30,10.0
2026-10-23,760.0,CALL,30,983.0
2026-10-23,760.0,PUT,30,16.0
2026-10-23,765.0,CALL,30,265.0
2026-10-23,765.0,PUT,30,3.0
2026-10-23,770.0,CALL,30,408.0
2026-10-23,770.0,PUT,30,0.0
2026-10-23,775.0,CALL,30,468.0
2026-10-23,775.0,PUT,30,3.0
2026-10-23,780.0,CALL,30,382.0
2026-10-23,785.0,CALL,30,719.0
2026-10-23,785.0,PUT,30,9.0
2026-10-23,790.0,CALL,30,183.0
2026-10-23,790.0,PUT,30,13.0
2026-10-23,795.0,CALL,30,78.0
2026-10-23,800.0,CALL,30,816.0
2026-10-23,800.0,PUT,30,25.0
2026-10-23,805.0,CALL,30,59.0
2026-10-23,810.0,CALL,30,143.0
2026-10-23,815.0,CALL,30,47.0
2026-10-23,815.0,PUT,30,3.0
2026-10-23,820.0,CALL,30,192.0
2026-10-23,825.0,CALL,30,97.0
2026-10-23,830.0,CALL,30,143.0
2026-10-23,835.0,CALL,30,104.0
2026-10-23,840.0,CALL,30,117.0
2026-10-23,845.0,CALL,30,22.0
2026-10-23,845.0,PUT,30,3.0
2026-10-23,850.0,CALL,30,167.0
2026-10-23,850.0,PUT,30,2.0
2026-10-23,855.0,CALL,30,34.0
2026-10-23,860.0,CALL,30,89.0
2026-10-23,865.0,CALL,30,172.0
2026-10-23,870.0,CALL,30,119.0
2026-10-23,875.0,CALL,30,367.0
2026-10-23,880.0,CALL,30,60.0
2026-10-23,885.0,CALL,30,20.0
2026-10-23,890.0,CALL,30,194.0
2026-10-23,895.0,CALL,30,39.0
2026-10-23,900.0,CALL,30,136.0
2026-10-23,900.0,PUT,30,1.0
2026-10-23,905.0,CALL,30,4.0
2026-10-23,910.0,CALL,30,107.0
2026-10-23,915.0,CALL,30,23.0
2026-10-23,920.0,CALL,30,61.0
2026-10-23,925.0,CALL,30,26.0
2026-10-23,930.0,CALL,30,20.0
2026-10-23,935.0,CALL,30,9.0
2026-10-23,940.0,CALL,30,3.0
2026-10-23,945.0,CALL,30,28.0
2026-10-23,950.0,CALL,30,43.0
2026-10-23,955.0,CALL,30,12.0
2026-10-23,960.0,CALL,30,11.0
2026-10-23,965.0,CALL,30,8.0
2026-10-23,970.0,CALL,30,13.0
2026-10-23,975.0,CALL,30,5.0
2026-10-23,980.0,CALL,30,12.0
2026-10-23,985.0,CALL,30,13.0
2026-10-23,990.0,CALL,30,4.0
2026-10-23,995.0,CALL,30,4.0
2026-10-23,1000.0,CALL,30,46.0
2026-10-23,1010.0,CALL,30,8.0
2026-10-23,1020.0,CALL,30,26.0
2026-10-23,1030.0,CALL,30,9.0
2026-10-23,1040.0,CALL,30,8.0
2026-10-23,1050.0,CALL,30,49.0
2026-10-23,1060.0,CALL,30,8.0
2026-10-23,1060.0,PUT,30,1.0
2026-10-23,1070.0,CALL,30,30.0
2026-10-23,1070.0,PUT,30,0.0
2026-10-23,1080.0,CALL,30,1.0
2026-10-23,1090.0,CALL,30,27.0
2026-10-23,1190.0,CALL,30,10.0
2026-10-30,100.0,CALL,37,1.0
2026-10-30,300.0,PUT,37,126.0
2026-10-30,310.0,CALL,37,5.0
2026-10-30,350.0,PUT,37,6.0
2026-10-30,360.0,PUT,37,1.0
2026-10-30,370.0,PUT,37,6.0
2026-10-30,380.0,PUT,37,14.0
2026-10-30,390.0,PUT,37,5.0
2026-10-30,400.0,PUT,37,37.0
2026-10-30,410.0,PUT,37,1.0
2026-10-30,420.0,PUT,37,25.0
2026-10-30,440.0,PUT,37,8.0
2026-10-30,450.0,PUT,37,15.0
2026-10-30,455.0,PUT,37,2.0
2026-10-30,460.0,CALL,37,1.0
2026-10-30,460.0,PUT,37,17.0
2026-10-30,470.0,PUT,37,237.0
2026-10-30,475.0,PUT,37,4.0
2026-10-30,480.0,CALL,37,1.0
2026-10-30,480.0,PUT,37,16.0
2026-10-30,485.0,PUT,37,4.0
2026-10-30,490.0,PUT,37,14.0
2026-10-30,495.0,PUT,37,22.0
2026-10-30,500.0,CALL,37,22.0
2026-10-30,500.0,PUT,37,149.0
2026-10-30,505.0,PUT,37,21.0
2026-10-30,510.0,CALL,37,12.0
2026-10-30,510.0,PUT,37,18.0
2026-10-30,515.0,PUT,37,46.0
2026-10-30,520.0,CALL,37,11.0
2026-10-30,520.0,PUT,37,145.0
2026-10-30,525.0,PUT,37,357.0
2026-10-30,530.0,CALL,37,1.0
2026-10-30,530.0,PUT,37,23.0
2026-10-30,535.0,CALL,37,0.0
2026-10-30,535.0,PUT,37,365.0
2026-10-30,540.0,CALL,37,1.0
2026-10-30,540.0,PUT,37,112.0
2026-10-30,545.0,CALL,37,1.0
2026-10-30,545.0,PUT,37,64.0
2026-10-30,550.0,CALL,37,25.0
2026-10-30,550.0,PUT,37,266.0
2026-10-30,555.0,CALL,37,1.0
2026-10-30,555.0,PUT,37,31.0
2026-10-30,560.0,CALL,37,6.0
2026-10-30,560.0,PUT,37,113.0
2026-10-30,565.0,CALL,37,1.0
2026-10-30,565.0,PUT,37,61.0
2026-10-30,570.0,CALL,37,4.0
2026-10-30,570.0,PUT,37,111.0
2026-10-30,575.0,CALL,37,4.0
2026-10-30,575.0,PUT,37,65.0
2026-10-30,580.0,CALL,37,9.0
2026-10-30,580.0,PUT,37,218.0
2026-10-30,585.0,CALL,37,7.0
2026-10-30,585.0,PUT,37,110.0
2026-10-30,590.0,CALL,37,8.0
2026-10-30,590.0,PUT,37,250.0
2026-10-30,595.0,CALL,37,10.0
2026-10-30,595.0,PUT,37,149.0
2026-10-30,600.0,CALL,37,14.0
2026-10-30,600.0,PUT,37,474.0
2026-10-30,605.0,CALL,37,10.0
2026-10-30,605.0,PUT,37,123.0
2026-10-30,610.0,CALL,37,20.0
2026-10-30,610.0,PUT,37,222.0
2026-10-30,615.0,CALL,37,7.0
2026-10-30,615.0,PUT,37,106.0
2026-10-30,620.0,CALL,37,99.0
2026-10-30,620.0,PUT,37,320.0
2026-10-30,625.0,CALL,37,20.0
2026-10-30,625.0,PUT,37,221.0
2026-10-30,630.0,CALL,37,40.0
2026-10-30,630.0,PUT,37,236.0
2026-10-30,635.0,CALL,37,65.0
2026-10-30,635.0,PUT,37,71.0
2026-10-30,640.0,CALL,37,108.0
2026-10-30,640.0,PUT,37,121.0
2026-10-30,645.0,CALL,37,21.0
2026-10-30,645.0,PUT,37,87.0
2026-10-30,650.0,CALL,37,716.0
2026-10-30,650.0,PUT,37,414.0
2026-10-30,655.0,CALL,37,56.0
2026-10-30,655.0,PUT,37,117.0
2026-10-30,660.0,CALL,37,227.0
2026-10-30,660.0,PUT,37,285.0
2026-10-30,665.0,CALL,37,55.0
2026-10-30,665.0,PUT,37,106.0
2026-10-30,670.0,CALL,37,243.0
2026-10-30,670.0,PUT,37,125.0
2026-10-30,675.0,CALL,37,149.0
2026-10-30,675.0,PUT,37,109.0
2026-10-30,680.0,CALL,37,299.0
2026-10-30,680.0,PUT,37,6205.0
2026-10-30,685.0,CALL,37,199.0
2026-10-30,685.0,PUT,37,20.0
2026-10-30,690.0,CALL,37,214.0
2026-10-30,690.0,PUT,37,75.0
2026-10-30,695.0,CALL,37,55.0
2026-10-30,695.0,PUT,37,25.0
2026-10-30,700.0,CALL,37,456.0
2026-10-30,700.0,PUT,37,325.0
2026-10-30,705.0,CALL,37,63.0
2026-10-30,705.0,PUT,37,107.0
2026-10-30,710.0,CALL,37,185.0
2026-10-30,710.0,PUT,37,102.0
2026-10-30,715.0,CALL,37,77.0
2026-10-30,715.0,PUT,37,50.0
2026-10-30,720.0,CALL,37,244.0
2026-10-30,720.0,PUT,37,118.0
2026-10-30,725.0,CALL,37,85.0
2026-10-30,725.0,PUT,37,31.0
2026-10-30,730.0,CALL,37,361.0
2026-10-30,730.0,PUT,37,100.0
2026-10-30,735.0,CALL,37,86.0
2026-10-30,735.0,PUT,37,88.0
2026-10-30,740.0,CALL,37,312.0
2026-10-30,740.0,PUT,37,79.0
2026-10-30,745.0,CALL,37,71.0
2026-10-30,745.0,PUT,37,54.0
2026-10-30,750.0,CALL,37,496.0
2026-10-30,750.0,PUT,37,107.0
2026-10-30,755.0,CALL,37,96.0
2026-10-30,755.0,PUT,37,13.0
2026-10-30,760.0,CALL,37,373.0
2026-10-30,760.0,PUT,37,14.0
2026-10-30,765.0,CALL,37,65.0
2026-10-30,765.0,PUT,37,5.0
2026-10-30,770.0,CALL,37,243.0
2026-10-30,770.0,PUT,37,5.0
2026-10-30,775.0,CALL,37,127.0
2026-10-30,780.0,CALL,37,144.0
2026-10-30,785.0,CALL,37,230.0
2026-10-30,785.0,PUT,37,1.0
2026-10-30,790.0,CALL,37,205.0
2026-10-30,795.0,CALL,37,230.0
2026-10-30,800.0,CALL,37,589.0
2026-10-30,800.0,PUT,37,351.0
2026-10-30,805.0,CALL,37,157.0
2026-10-30,810.0,CALL,37,202.0
2026-10-30,815.0,CALL,37,144.0
2026-10-30,820.0,CALL,37,129.0
2026-10-30,825.0,CALL,37,46.0
2026-10-30,830.0,CALL,37,95.0
2026-10-30,830.0,PUT,37,1.0
2026-10-30,835.0,CALL,37,42.0
2026-10-30,840.0,CALL,37,108.0
2026-10-30,840.0,PUT,37,1.0
2026-10-30,845.0,CALL,37,112.0
2026-10-30,850.0,CALL,37,409.0
2026-10-30,860.0,CALL,37,107.0
2026-10-30,860.0,PUT,37,1.0
2026-10-30,870.0,CALL,37,67.0
2026-10-30,880.0,CALL,37,204.0
2026-10-30,880.0,PUT,37,1.0
2026-10-30,890.0,CALL,37,58.0
2026-10-30,900.0,CALL,37,320.0
2026-10-30,900.0,PUT,37,24.0
2026-10-30,910.0,CALL,37,59.0
2026-10-30,920.0,CALL,37,28.0
2026-10-30,930.0,CALL,37,26.0
2026-10-30,940.0,CALL,37,104.0
2026-10-30,950.0,CALL,37,48.0
2026-10-30,960.0,CALL,37,34.0
2026-10-30,970.0,CALL,37,622.0
2026-10-30,980.0,CALL,37,13.0
2026-10-30,990.0,CALL,37,10.0
2026-10-30,1000.0,CALL,37,173.0
2026-10-30,1010.0,CALL,37,13.0
2026-10-30,1020.0,CALL,37,3.0
2026-10-30,1030.0,CALL,37,2.0
2026-10-30,1040.0,CALL,37,8.0
2026-10-30,1050.0,CALL,37,12.0
2026-10-30,1060.0,CALL,37,4.0
2026-10-30,1070.0,CALL,37,11.0
2026-10-30,1070.0,PUT,37,1.0
2026-10-30,1090.0,CALL,37,2.0
2026-10-30,1100.0,CALL,37,3.0
2026-10-30,1110.0,CALL,37,1.0
2026-10-30,1130.0,CALL,37,1.0
2026-10-30,1150.0,CALL,37,1.0
2026-10-30,1160.0,CALL,37,1.0
2026-10-30,1480.0,PUT,37,0.0
2026-11-20,5.0,CALL,58,0.0
2026-11-20,5.0,PUT,58,0.0
2026-11-20,10.0,CALL,58,0.0
2026-11-20,10.0,PUT,58,0.0
2026-11-20,15.0,CALL,58,0.0
2026-11-20,20.0,CALL,58,0.0
2026-11-20,20.0,PUT,58,20.0
2026-11-20,25.0,CALL,58,14.0
2026-11-20,25.0,PUT,58,0.0
2026-11-20,30.0,CALL,58,0.0
2026-11-20,30.0,PUT,58,10.0
2026-11-20,35.0,CALL,58,0.0
2026-11-20,35.0,PUT,58,0.0
2026-11-20,40.0,CALL,58,0.0
2026-11-20,40.0,PUT,58,33.0
2026-11-20,45.0,CALL,58,15.0
2026-11-20,45.0,PUT,58,0.0
2026-11-20,50.0,CALL,58,10.0
2026-11-20,50.0,PUT,58,43.0
2026-11-20,250.0,CALL,58,85.0
2026-11-20,250.0,PUT,58,2448.0
2026-11-20,260.0,CALL,58,4.0
2026-11-20,260.0,PUT,58,196.0
2026-11-20,270.0,CALL,58,1.0
2026-11-20,270.0,PUT,58,112.0
2026-11-20,280.0,CALL,58,1.0
2026-11-20,280.0,PUT,58,46.0
2026-11-20,290.0,CALL,58,2.0
2026-11-20,290.0,PUT,58,165.0
2026-11-20,300.0,CALL,58,17.0
2026-11-20,300.0,PUT,58,502.0
2026-11-20,310.0,CALL,58,3.0
2026-11-20,310.0,PUT,58,127.0
2026-11-20,320.0,CALL,58,4.0
2026-11-20,320.0,PUT,58,41.0
2026-11-20,330.0,CALL,58,18.0
2026-11-20,330.0,PUT,58,65.0
2026-11-20,340.0,CALL,58,6.0
2026-11-20,340.0,PUT,58,252.0
2026-11-20,350.0,CALL,58,17.0
2026-11-20,350.0,PUT,58,415.0
2026-11-20,360.0,CALL,58,15.0
2026-11-20,360.0,PUT,58,277.0
2026-11-20,370.0,CALL,58,3.0
2026-11-20,370.0,PUT,58,210.0
2026-11-20,380.0,CALL,58,16.0
2026-11-20,380.0,PUT,58,146.0
2026-11-20,390.0,CALL,58,38.0
2026-11-20,390.0,PUT,58,254.0
2026-11-20,400.0,CALL,58,50.0
2026-11-20,400.0,PUT,58,848.0
2026-11-20,405.0,CALL,58,0.0
2026-11-20,405.0,PUT,58,184.0
2026-11-20,410.0,CALL,58,0.0
2026-11-20,410.0,PUT,58,161.0
2026-11-20,415.0,CALL,58,0.0
2026-11-20,415.0,PUT,58,168.0
2026-11-20,420.0,CALL,58,0.0
2026-11-20,420.0,PUT,58,1008.0
2026-11-20,425.0,CALL,58,41.0
2026-11-20,425.0,PUT,58,640.0
2026-11-20,430.0,CALL,58,8.0
2026-11-20,430.0,PUT,58,240.0
2026-11-20,435.0,CALL,58,6.0
2026-11-20,435.0,PUT,58,753.0
2026-11-20,440.0,CALL,58,34.0
2026-11-20,440.0,PUT,58,609.0
2026-11-20,445.0,CALL,58,33.0
2026-11-20,445.0,PUT,58,359.0
2026-11-20,450.0,CALL,58,756.0
2026-11-20,450.0,PUT,58,1584.0
2026-11-20,455.0,CALL,58,31.0
2026-11-20,455.0,PUT,58,385.0
2026-11-20,460.0,CALL,58,107.0
2026-11-20,460.0,PUT,58,609.0
2026-11-20,465.0,CALL,58,49.0
2026-11-20,465.0,PUT,58,411.0
2026-11-20,470.0,CALL,58,54.0
2026-11-20,470.0,PUT,58,1479.0
2026-11-20,475.0,CALL,58,38.0
2026-11-20,475.0,PUT,58,674.0
2026-11-20,480.0,CALL,58,65.0
2026-11-20,480.0,PUT,58,2589.0
2026-11-20,485.0,CALL,58,36.0
2026-11-20,485.0,PUT,58,470.0
2026-11-20,490.0,CALL,58,16.0
2026-11-20,490.0,PUT,58,876.0
2026-11-20,495.0,CALL,58,53.0
2026-11-20,495.0,PUT,58,757.0
2026-11-20,500.0,CALL,58,345.0
2026-11-20,500.0,PUT,58,3626.0
2026-11-20,505.0,CALL,58,69.0
2026-11-20,505.0,PUT,58,734.0
2026-11-20,510.0,CALL,58,679.0
2026-11-20,510.0,PUT,58,1286.0
2026-11-20,515.0,CALL,58,84.0
2026-11-20,515.0,PUT,58,1349.0
2026-11-20,520.0,CALL,58,267.0
2026-11-20,520.0,PUT,58,1095.0
2026-11-20,525.0,CALL,58,44.0
2026-11-20,525.0,PUT,58,829.0
2026-11-20,530.0,CALL,58,982.0
2026-11-20,530.0,PUT,58,2371.0
2026-11-20,535.0,CALL,58,194.0
2026-11-20,535.0,PUT,58,1328.0
2026-11-20,540.0,CALL,58,815.0
2026-11-20,540.0,PUT,58,2304.0
2026-11-20,545.0,CALL,58,250.0
2026-11-20,545.0,PUT,58,844.0
2026-11-20,550.0,CALL,58,1432.0
2026-11-20,550.0,PUT,58,3046.0
2026-11-20,555.0,CALL,58,951.0
2026-11-20,555.0,PUT,58,1399.0
2026-11-20,560.0,CALL,58,1461.0
2026-11-20,560.0,PUT,58,2018.0
2026-11-20,565.0,CALL,58,745.0
2026-11-20,565.0,PUT,58,705.0
2026-11-20,570.0,CALL,58,1046.0
2026-11-20,570.0,PUT,58,1564.0
2026-11-20,575.0,CALL,58,772.0
2026-11-20,575.0,PUT,58,893.0
2026-11-20,580.0,CALL,58,880.0
2026-11-20,580.0,PUT,58,1943.0
2026-11-20,585.0,CALL,58,6545.0
2026-11-20,585.0,PUT,58,7404.0
2026-11-20,590.0,CALL,58,3241.0
2026-11-20,590.0,PUT,58,2929.0
2026-11-20,595.0,CALL,58,811.0
2026-11-20,595.0,PUT,58,761.0
2026-11-20,600.0,CALL,58,4850.0
2026-11-20,600.0,PUT,58,4220.0
2026-11-20,605.0,CALL,58,1217.0
2026-11-20,605.0,PUT,58,638.0
2026-11-20,610.0,CALL,58,1613.0
2026-11-20,610.0,PUT,58,963.0
2026-11-20,615.0,CALL,58,1037.0
2026-11-20,615.0,PUT,58,746.0
2026-11-20,620.0,CALL,58,807.0
2026-11-20,620.0,PUT,58,1201.0
2026-11-20,625.0,CALL,58,947.0
2026-11-20,625.0,PUT,58,1208.0
2026-11-20,630.0,CALL,58,1186.0
2026-11-20,630.0,PUT,58,2027.0
2026-11-20,635.0,CALL,58,2366.0
2026-11-20,635.0,PUT,58,375.0
2026-11-20,640.0,CALL,58,1463.0
2026-11-20,640.0,PUT,58,1379.0
2026-11-20,645.0,CALL,58,499.0
2026-11-20,645.0,PUT,58,715.0
2026-11-20,650.0,CALL,58,4982.0
2026-11-20,650.0,PUT,58,2566.0
2026-11-20,655.0,CALL,58,484.0
2026-11-20,655.0,PUT,58,330.0
2026-11-20,660.0,CALL,58,2989.0
2026-11-20,660.0,PUT,58,723.0
2026-11-20,665.0,CALL,58,436.0
2026-11-20,665.0,PUT,58,178.0
2026-11-20,670.0,CALL,58,2066.0
2026-11-20,670.0,PUT,58,455.0
2026-11-20,675.0,CALL,58,933.0
2026-11-20,675.0,PUT,58,299.0
2026-11-20,680.0,CALL,58,1095.0
2026-11-20,680.0,PUT,58,990.0
2026-11-20,685.0,CALL,58,914.0
2026-11-20,685.0,PUT,58,245.0
2026-11-20,690.0,CALL,58,932.0
2026-11-20,690.0,PUT,58,351.0
2026-11-20,695.0,CALL,58,659.0
2026-11-20,695.0,PUT,58,242.0
2026-11-20,700.0,CALL,58,17562.0
2026-11-20,700.0,PUT,58,895.0
2026-11-20,705.0,CALL,58,715.0
2026-11-20,705.0,PUT,58,150.0
2026-11-20,710.0,CALL,58,1342.0
2026-11-20,710.0,PUT,58,120.0
2026-11-20,715.0,CALL,58,778.0
2026-11-20,715.0,PUT,58,102.0
2026-11-20,720.0,CALL,58,1569.0
2026-11-20,720.0,PUT,58,557.0
2026-11-20,725.0,CALL,58,1457.0
2026-11-20,725.0,PUT,58,219.0
2026-11-20,730.0,CALL,58,914.0
2026-11-20,730.0,PUT,58,120.0
2026-11-20,735.0,CALL,58,828.0
2026-11-20,735.0,PUT,58,143.0
2026-11-20,740.0,CALL,58,1868.0
2026-11-20,740.0,PUT,58,428.0
2026-11-20,745.0,CALL,58,739.0
2026-11-20,745.0,PUT,58,509.0
2026-11-20,750.0,CALL,58,7179.0
2026-11-20,750.0,PUT,58,179.0
2026-11-20,755.0,CALL,58,4319.0
2026-11-20,755.0,PUT,58,61.0
2026-11-20,760.0,CALL,58,4588.0
2026-11-20,760.0,PUT,58,145.0
2026-11-20,765.0,CALL,58,4085.0
2026-11-20,765.0,PUT,58,51.0
2026-11-20,770.0,CALL,58,5053.0
2026-11-20,770.0,PUT,58,37.0
2026-11-20,775.0,CALL,58,4618.0
2026-11-20,775.0,PUT,58,19.0
2026-11-20,780.0,CALL,58,6842.0
2026-11-20,780.0,PUT,58,62.0
2026-11-20,785.0,CALL,58,294.0
2026-11-20,785.0,PUT,58,51.0
2026-11-20,790.0,CALL,58,1034.0
2026-11-20,790.0,PUT,58,87.0
2026-11-20,795.0,CALL,58,930.0
2026-11-20,795.0,PUT,58,18.0
2026-11-20,800.0,CALL,58,22426.0
2026-11-20,800.0,PUT,58,127.0
2026-11-20,805.0,CALL,58,4161.0
2026-11-20,805.0,PUT,58,22.0
2026-11-20,810.0,CALL,58,6738.0
2026-11-20,810.0,PUT,58,1.0
2026-11-20,815.0,CALL,58,4086.0
2026-11-20,815.0,PUT,58,11.0
2026-11-20,820.0,CALL,58,4773.0
2026-11-20,820.0,PUT,58,9.0
2026-11-20,825.0,CALL,58,4704.0
2026-11-20,825.0,PUT,58,0.0
2026-11-20,830.0,CALL,58,5221.0
2026-11-20,830.0,PUT,58,0.0
2026-11-20,835.0,CALL,58,203.0
2026-11-20,835.0,PUT,58,1.0
2026-11-20,840.0,CALL,58,953.0
2026-11-20,845.0,CALL,58,366.0
2026-11-20,845.0,PUT,58,0.0
2026-11-20,850.0,CALL,58,2115.0
2026-11-20,850.0,PUT,58,8.0
2026-11-20,855.0,CALL,58,243.0
2026-11-20,860.0,CALL,58,857.0
2026-11-20,860.0,PUT,58,1.0
2026-11-20,865.0,CALL,58,210.0
2026-11-20,870.0,CALL,58,937.0
2026-11-20,870.0,PUT,58,34.0
2026-11-20,875.0,CALL,58,831.0
2026-11-20,875.0,PUT,58,0.0
2026-11-20,880.0,CALL,58,330.0
2026-11-20,880.0,PUT,58,0.0
2026-11-20,885.0,CALL,58,155.0
2026-11-20,885.0,PUT,58,5.0
2026-11-20,890.0,CALL,58,155.0
2026-11-20,890.0,PUT,58,0.0
2026-11-20,895.0,CALL,58,66.0
2026-11-20,895.0,PUT,58,0.0
2026-11-20,900.0,CALL,58,10136.0
2026-11-20,900.0,PUT,58,84.0
2026-11-20,905.0,CALL,58,167.0
2026-11-20,905.0,PUT,58,0.0
2026-11-20,910.0,CALL,58,203.0
2026-11-20,910.0,PUT,58,0.0
2026-11-20,915.0,CALL,58,55.0
2026-11-20,915.0,PUT,58,0.0
2026-11-20,920.0,CALL,58,244.0
2026-11-20,920.0,PUT,58,0.0
2026-11-20,925.0,CALL,58,891.0
2026-11-20,925.0,PUT,58,0.0
2026-11-20,930.0,CALL,58,136.0
2026-11-20,930.0,PUT,58,1.0
2026-11-20,935.0,CALL,58,123.0
2026-11-20,935.0,PUT,58,0.0
2026-11-20,940.0,CALL,58,178.0
2026-11-20,940.0,PUT,58,2.0
2026-11-20,945.0,CALL,58,98.0
2026-11-20,950.0,CALL,58,2171.0
2026-11-20,950.0,PUT,58,1.0
2026-11-20,955.0,CALL,58,66.0
2026-11-20,960.0,CALL,58,187.0
2026-11-20,965.0,CALL,58,134.0
2026-11-20,970.0,CALL,58,62.0
2026-11-20,975.0,CALL,58,52.0
2026-11-20,980.0,CALL,58,119.0
2026-11-20,985.0,CALL,58,67.0
2026-11-20,985.0,PUT,58,0.0
2026-11-20,990.0,CALL,58,216.0
2026-11-20,995.0,CALL,58,29.0
2026-11-20,1000.0,CALL,58,1245.0
2026-11-20,1000.0,PUT,58,0.0
2026-11-20,1010.0,CALL,58,164.0
2026-11-20,1020.0,CALL,58,145.0
2026-11-20,1030.0,CALL,58,155.0
2026-11-20,1040.0,CALL,58,66.0
2026-11-20,1050.0,CALL,58,219.0
2026-11-20,1050.0,PUT,58,5.0
2026-11-20,1060.0,CALL,58,249.0
2026-11-20,1070.0,CALL,58,110.0
2026-11-20,1080.0,CALL,58,239.0
2026-11-20,1090.0,CALL,58,502.0
2026-11-20,1100.0,CALL,58,1491.0
2026-11-20,1110.0,CALL,58,120.0
2026-11-20,1120.0,CALL,58,93.0
2026-11-20,1130.0,CALL,58,70.0
2026-11-20,1140.0,CALL,58,122.0
2026-11-20,1150.0,CALL,58,262.0
2026-11-20,1160.0,CALL,58,120.0
2026-11-20,1170.0,CALL,58,114.0
2026-11-20,1180.0,CALL,58,35.0
2026-11-20,1190.0,CALL,58,61.0
2026-11-20,1200.0,CALL,58,1232.0
2026-11-20,1210.0,CALL,58,112.0
2026-11-20,1220.0,CALL,58,39.0
2026-11-20,1230.0,CALL,58,40.0
2026-11-20,1230.0,PUT,58,0.0
2026-11-20,1240.0,CALL,58,57.0
2026-11-20,1250.0,CALL,58,363.0
2026-11-20,1260.0,CALL,58,88.0
2026-11-20,1270.0,CALL,58,69.0
2026-11-20,1280.0,CALL,58,34.0
2026-11-20,1290.0,CALL,58,67.0
2026-11-20,1300.0,CALL,58,177.0
2026-11-20,1310.0,CALL,58,6.0
2026-11-20,1320.0,CALL,58,18.0
2026-11-20,1330.0,CALL,58,22.0
2026-11-20,1340.0,CALL,58,16.0
2026-11-20,1350.0,CALL,58,39.0
2026-11-20,1360.0,CALL,58,35.0
2026-11-20,1370.0,CALL,58,89.0
2026-11-20,1380.0,CALL,58,11.0
2026-11-20,1390.0,CALL,58,18.0
2026-11-20,1400.0,CALL,58,69.0
2026-11-20,1410.0,CALL,58,39.0
2026-11-20,1420.0,CALL,58,71.0
2026-11-20,1430.0,CALL,58,30.0
2026-11-20,1440.0,CALL,58,151.0
2026-11-20,1450.0,CALL,58,110.0
2026-11-20,1460.0,CALL,58,80.0
2026-11-20,1470.0,CALL,58,291.0
2026-11-20,1470.0,PUT,58,0.0
2026-11-20,1480.0,CALL,58,6261.0
2026-11-20,1480.0,PUT,58,0.0
2026-11-20,1490.0,CALL,58,1.0
2026-11-20,1490.0,PUT,58,0.0
2026-12-18,5.0,CALL,86,0.0
2026-12-18,5.0,PUT,86,474.0
2026-12-18,10.0,CALL,86,0.0
2026-12-18,10.0,PUT,86,118.0
2026-12-18,15.0,CALL,86,1.0
2026-12-18,15.0,PUT,86,25.0
2026-12-18,20.0,CALL,86,6.0
2026-12-18,20.0,PUT,86,325.0
2026-12-18,25.0,CALL,86,0.0
2026-12-18,25.0,PUT,86,10.0
2026-12-18,30.0,CALL,86,1.0
2026-12-18,30.0,PUT,86,63.0
2026-12-18,35.0,PUT,86,14.0
2026-12-18,40.0,PUT,86,17.0
2026-12-18,45.0,CALL,86,1.0
2026-12-18,45.0,PUT,86,2.0
2026-12-18,50.0,CALL,86,6.0
2026-12-18,50.0,PUT,86,427.0
2026-12-18,55.0,CALL,86,1.0
2026-12-18,55.0,PUT,86,41.0
2026-12-18,60.0,PUT,86,22.0
2026-12-18,65.0,PUT,86,34.0
2026-12-18,70.0,CALL,86,1.0
2026-12-18,70.0,PUT,86,28.0
2026-12-18,75.0,CALL,86,0.0
2026-12-18,75.0,PUT,86,16.0
2026-12-18,80.0,CALL,86,2.0
2026-12-18,80.0,PUT,86,45.0
2026-12-18,85.0,PUT,86,0.0
2026-12-18,90.0,PUT,86,344.0
2026-12-18,95.0,CALL,86,2.0
2026-12-18,95.0,PUT,86,203.0
2026-12-18,100.0,CALL,86,111.0
2026-12-18,100.0,PUT,86,446.0
2026-12-18,110.0,CALL,86,26.0
2026-12-18,110.0,PUT,86,139.0
2026-12-18,120.0,CALL,86,30.0
2026-12-18,120.0,PUT,86,204.0
2026-12-18,130.0,CALL,86,17.0
2026-12-18,130.0,PUT,86,321.0
2026-12-18,140.0,CALL,86,114.0
2026-12-18,140.0,PUT,86,263.0
2026-12-18,150.0,CALL,86,126.0
2026-12-18,150.0,PUT,86,357.0
2026-12-18,160.0,CALL,86,62.0
2026-12-18,160.0,PUT,86,403.0
2026-12-18,170.0,CALL,86,83.0
2026-12-18,170.0,PUT,86,590.0
2026-12-18,180.0,CALL,86,187.0
2026-12-18,180.0,PUT,86,225.0
2026-12-18,190.0,CALL,86,225.0
2026-12-18,190.0,PUT,86,220.0
2026-12-18,200.0,CALL,86,337.0
2026-12-18,200.0,PUT,86,1033.0
2026-12-18,210.0,CALL,86,264.0
2026-12-18,210.0,PUT,86,460.0
2026-12-18,220.0,CALL,86,288.0
2026-12-18,220.0,PUT,86,604.0
2026-12-18,230.0,CALL,86,157.0
2026-12-18,230.0,PUT,86,135.0
2026-12-18,240.0,CALL,86,43.0
2026-12-18,240.0,PUT,86,295.0
2026-12-18,250.0,CALL,86,298.0
2026-12-18,250.0,PUT,86,689.0
2026-12-18,260.0,CALL,86,824.0
2026-12-18,260.0,PUT,86,643.0
2026-12-18,270.0,CALL,86,48.0
2026-12-18,270.0,PUT,86,309.0
2026-12-18,280.0,CALL,86,79.0
2026-12-18,280.0,PUT,86,379.0
2026-12-18,290.0,CALL,86,66.0
2026-12-18,290.0,PUT,86,362.0
2026-12-18,300.0,CALL,86,195.0
2026-12-18,300.0,PUT,86,1575.0
2026-12-18,310.0,CALL,86,94.0
2026-12-18,310.0,PUT,86,373.0
2026-12-18,320.0,CALL,86,140.0
2026-12-18,320.0,PUT,86,579.0
2026-12-18,330.0,CALL,86,64.0
2026-12-18,330.0,PUT,86,180.0
2026-12-18,340.0,CALL,86,122.0
2026-12-18,340.0,PUT,86,291.0
2026-12-18,350.0,CALL,86,250.0
2026-12-18,350.0,PUT,86,1780.0
2026-12-18,360.0,CALL,86,139.0
2026-12-18,360.0,PUT,86,2589.0
2026-12-18,370.0,CALL,86,152.0
2026-12-18,370.0,PUT,86,339.0
2026-12-18,380.0,CALL,86,57.0
2026-12-18,380.0,PUT,86,875.0
2026-12-18,390.0,CALL,86,493.0
2026-12-18,390.0,PUT,86,480.0
2026-12-18,400.0,CALL,86,1594.0
2026-12-18,400.0,PUT,86,1798.0
2026-12-18,410.0,CALL,86,2614.0
2026-12-18,410.0,PUT,86,701.0
2026-12-18,420.0,CALL,86,892.0
2026-12-18,420.0,PUT,86,1837.0
2026-12-18,430.0,CALL,86,98.0
2026-12-18,430.0,PUT,86,543.0
2026-12-18,440.0,CALL,86,174.0
2026-12-18,440.0,PUT,86,842.0
2026-12-18,450.0,CALL,86,903.0
2026-12-18,450.0,PUT,86,4842.0
2026-12-18,460.0,CALL,86,173.0
2026-12-18,460.0,PUT,86,1809.0
2026-12-18,470.0,CALL,86,2154.0
2026-12-18,470.0,PUT,86,1485.0
2026-12-18,480.0,CALL,86,213.0
2026-12-18,480.0,PUT,86,1967.0
2026-12-18,490.0,CALL,86,832.0
2026-12-18,490.0,PUT,86,2006.0
2026-12-18,500.0,CALL,86,1831.0
2026-12-18,500.0,PUT,86,7014.0
2026-12-18,510.0,CALL,86,164.0
2026-12-18,510.0,PUT,86,3367.0
2026-12-18,520.0,CALL,86,803.0
2026-12-18,520.0,PUT,86,1832.0
2026-12-18,530.0,CALL,86,845.0
2026-12-18,530.0,PUT,86,3052.0
2026-12-18,540.0,CALL,86,583.0
2026-12-18,540.0,PUT,86,1843.0
2026-12-18,550.0,CALL,86,1331.0
2026-12-18,550.0,PUT,86,5590.0
2026-12-18,560.0,CALL,86,899.0
2026-12-18,560.0,PUT,86,1927.0
2026-12-18,565.0,CALL,86,753.0
2026-12-18,565.0,PUT,86,645.0
2026-12-18,570.0,CALL,86,1232.0
2026-12-18,570.0,PUT,86,2832.0
2026-12-18,575.0,CALL,86,756.0
2026-12-18,575.0,PUT,86,887.0
2026-12-18,580.0,CALL,86,1091.0
2026-12-18,580.0,PUT,86,1965.0
2026-12-18,585.0,CALL,86,352.0
2026-12-18,585.0,PUT,86,591.0
2026-12-18,590.0,CALL,86,669.0
2026-12-18,590.0,PUT,86,2003.0
2026-12-18,595.0,CALL,86,399.0
2026-12-18,595.0,PUT,86,985.0
2026-12-18,600.0,CALL,86,3511.0
2026-12-18,600.0,PUT,86,4299.0
2026-12-18,605.0,CALL,86,503.0
2026-12-18,605.0,PUT,86,299.0
2026-12-18,610.0,CALL,86,1041.0
2026-12-18,610.0,PUT,86,1161.0
2026-12-18,615.0,CALL,86,419.0
2026-12-18,615.0,PUT,86,771.0
2026-12-18,620.0,CALL,86,1517.0
2026-12-18,620.0,PUT,86,1665.0
2026-12-18,625.0,CALL,86,411.0
2026-12-18,625.0,PUT,86,231.0
2026-12-18,630.0,CALL,86,1254.0
2026-12-18,630.0,PUT,86,1637.0
2026-12-18,635.0,CALL,86,211.0
2026-12-18,635.0,PUT,86,343.0
2026-12-18,640.0,CALL,86,1718.0
2026-12-18,640.0,PUT,86,1219.0
2026-12-18,645.0,CALL,86,572.0
2026-12-18,645.0,PUT,86,239.0
2026-12-18,650.0,CALL,86,5179.0
2026-12-18,650.0,PUT,86,1832.0
2026-12-18,655.0,CALL,86,592.0
2026-12-18,655.0,PUT,86,223.0
2026-12-18,660.0,CALL,86,2301.0
2026-12-18,660.0,PUT,86,5027.0
2026-12-18,665.0,CALL,86,682.0
2026-12-18,665.0,PUT,86,354.0
2026-12-18,670.0,CALL,86,1309.0
2026-12-18,670.0,PUT,86,2589.0
2026-12-18,675.0,CALL,86,379.0
2026-12-18,675.0,PUT,86,162.0
2026-12-18,680.0,CALL,86,1826.0
2026-12-18,680.0,PUT,86,1787.0
2026-12-18,685.0,CALL,86,244.0
2026-12-18,685.0,PUT,86,115.0
2026-12-18,690.0,CALL,86,747.0
2026-12-18,690.0,PUT,86,236.0
2026-12-18,695.0,CALL,86,300.0
2026-12-18,695.0,PUT,86,117.0
2026-12-18,700.0,CALL,86,7746.0
2026-12-18,700.0,PUT,86,1934.0
2026-12-18,705.0,CALL,86,517.0
2026-12-18,705.0,PUT,86,393.0
2026-12-18,710.0,CALL,86,614.0
2026-12-18,710.0,PUT,86,367.0
2026-12-18,715.0,CALL,86,322.0
2026-12-18,715.0,PUT,86,266.0
2026-12-18,720.0,CALL,86,3499.0
2026-12-18,720.0,PUT,86,328.0
2026-12-18,725.0,CALL,86,871.0
2026-12-18,725.0,PUT,86,171.0
2026-12-18,730.0,CALL,86,2405.0
2026-12-18,730.0,PUT,86,860.0
2026-12-18,735.0,CALL,86,476.0
2026-12-18,735.0,PUT,86,217.0
2026-12-18,740.0,CALL,86,965.0
2026-12-18,740.0,PUT,86,168.0
2026-12-18,745.0,CALL,86,510.0
2026-12-18,745.0,PUT,86,84.0
2026-12-18,750.0,CALL,86,5239.0
2026-12-18,750.0,PUT,86,2729.0
2026-12-18,755.0,CALL,86,2148.0
2026-12-18,755.0,PUT,86,118.0
2026-12-18,760.0,CALL,86,2875.0
2026-12-18,760.0,PUT,86,356.0
2026-12-18,765.0,CALL,86,2130.0
2026-12-18,765.0,PUT,86,263.0
2026-12-18,770.0,CALL,86,2896.0
2026-12-18,770.0,PUT,86,77.0
2026-12-18,775.0,CALL,86,2851.0
2026-12-18,775.0,PUT,86,41.0
2026-12-18,780.0,CALL,86,3627.0
2026-12-18,780.0,PUT,86,84.0
2026-12-18,785.0,CALL,86,681.0
2026-12-18,785.0,PUT,86,22.0
2026-12-18,790.0,CALL,86,1751.0
2026-12-18,790.0,PUT,86,140.0
2026-12-18,795.0,CALL,86,566.0
2026-12-18,795.0,PUT,86,40.0
2026-12-18,800.0,CALL,86,12071.0
2026-12-18,800.0,PUT,86,234.0
2026-12-18,805.0,CALL,86,2052.0
2026-12-18,805.0,PUT,86,73.0
2026-12-18,810.0,CALL,86,1965.0
2026-12-18,810.0,PUT,86,29.0
2026-12-18,815.0,CALL,86,2187.0
2026-12-18,815.0,PUT,86,8.0
2026-12-18,820.0,CALL,86,2402.0
2026-12-18,820.0,PUT,86,87.0
2026-12-18,825.0,CALL,86,2352.0
2026-12-18,825.0,PUT,86,14.0
2026-12-18,830.0,CALL,86,3088.0
2026-12-18,830.0,PUT,86,13.0
2026-12-18,835.0,CALL,86,203.0
2026-12-18,835.0,PUT,86,23.0
2026-12-18,840.0,CALL,86,1198.0
2026-12-18,840.0,PUT,86,27.0
2026-12-18,845.0,CALL,86,2433.0
2026-12-18,845.0,PUT,86,13.0
2026-12-18,850.0,CALL,86,3174.0
2026-12-18,850.0,PUT,86,0.0
2026-12-18,860.0,CALL,86,1180.0
2026-12-18,860.0,PUT,86,1.0
2026-12-18,870.0,CALL,86,1046.0
2026-12-18,870.0,PUT,86,6.0
2026-12-18,880.0,CALL,86,911.0
2026-12-18,880.0,PUT,86,2.0
2026-12-18,890.0,CALL,86,244.0
2026-12-18,890.0,PUT,86,1.0
2026-12-18,900.0,CALL,86,3581.0
2026-12-18,900.0,PUT,86,104.0
2026-12-18,910.0,CALL,86,758.0
2026-12-18,910.0,PUT,86,0.0
2026-12-18,920.0,CALL,86,523.0
2026-12-18,920.0,PUT,86,1.0
2026-12-18,930.0,CALL,86,244.0
2026-12-18,930.0,PUT,86,2.0
2026-12-18,940.0,CALL,86,382.0
2026-12-18,940.0,PUT,86,5.0
2026-12-18,950.0,CALL,86,1512.0
2026-12-18,950.0,PUT,86,1.0
2026-12-18,960.0,CALL,86,248.0
2026-12-18,960.0,PUT,86,1.0
2026-12-18,970.0,CALL,86,1665.0
2026-12-18,970.0,PUT,86,6.0
2026-12-18,980.0,CALL,86,199.0
2026-12-18,980.0,PUT,86,0.0
2026-12-18,990.0,CALL,86,977.0
2026-12-18,990.0,PUT,86,4.0
2026-12-18,1000.0,CALL,86,4190.0
2026-12-18,1000.0,PUT,86,2.0
2026-12-18,1020.0,CALL,86,600.0
2026-12-18,1020.0,PUT,86,0.0
2026-12-18,1030.0,CALL,86,1574.0
2026-12-18,1030.0,PUT,86,0.0
2026-12-18,1040.0,CALL,86,191.0
2026-12-18,1040.0,PUT,86,0.0
2026-12-18,1050.0,CALL,86,233.0
2026-12-18,1050.0,PUT,86,0.0
2026-12-18,1060.0,CALL,86,237.0
2026-12-18,1060.0,PUT,86,0.0
2026-12-18,1070.0,CALL,86,200.0
2026-12-18,1070.0,PUT,86,0.0
2026-12-18,1080.0,CALL,86,207.0
2026-12-18,1080.0,PUT,86,0.0
2026-12-18,1090.0,CALL,86,72.0
2026-12-18,1090.0,PUT,86,0.0
2026-12-18,1100.0,CALL,86,1307.0
2026-12-18,1100.0,PUT,86,0.0
2026-12-18,1110.0,CALL,86,159.0
2026-12-18,1110.0,PUT,86,0.0
2026-12-18,1120.0,CALL,86,420.0
2026-12-18,1120.0,PUT,86,13.0
2026-12-18,1130.0,CALL,86,113.0
2026-12-18,1130.0,PUT,86,0.0
2026-12-18,1140.0,CALL,86,180.0
2026-12-18,1140.0,PUT,86,0.0
2026-12-18,1150.0,CALL,86,1702.0
2026-12-18,1150.0,PUT,86,0.0
2026-12-18,1160.0,CALL,86,31.0
2026-12-18,1160.0,PUT,86,0.0
2026-12-18,1170.0,CALL,86,52.0
2026-12-18,1170.0,PUT,86,0.0
2026-12-18,1180.0,CALL,86,224.0
2026-12-18,1180.0,PUT,86,0.0
2026-12-18,1190.0,CALL,86,93.0
2026-12-18,1190.0,PUT,86,0.0
2026-12-18,1200.0,CALL,86,1903.0
2026-12-18,1200.0,PUT,86,0.0
2026-12-18,1210.0,CALL,86,47.0
2026-12-18,1210.0,PUT,86,0.0
2026-12-18,1220.0,CALL,86,150.0
2026-12-18,1220.0,PUT,86,0.0
2026-12-18,1230.0,CALL,86,373.0
2026-12-18,1230.0,PUT,86,0.0
2026-12-18,1240.0,CALL,86,1844.0
2026-12-18,1240.0,PUT,86,0.0
2026-12-18,1250.0,CALL,86,1883.0
2026-12-18,1260.0,CALL,86,123.0
2026-12-18,1270.0,CALL,86,200.0
2026-12-18,1270.0,PUT,86,0.0
2026-12-18,1280.0,CALL,86,304.0
2026-12-18,1280.0,PUT,86,0.0
2026-12-18,1290.0,CALL,86,8569.0
2026-12-18,1300.0,CALL,86,8911.0
2026-12-18,1300.0,PUT,86,0.0
2026-12-18,1310.0,CALL,86,107.0
2026-12-18,1320.0,CALL,86,85.0
2026-12-18,1330.0,CALL,86,81.0
2026-12-18,1340.0,CALL,86,294.0
2026-12-18,1350.0,CALL,86,410.0
2026-12-18,1360.0,CALL,86,96.0
2026-12-18,1370.0,CALL,86,148.0
2026-12-18,1380.0,CALL,86,64.0
2026-12-18,1390.0,CALL,86,115.0
2026-12-18,1400.0,CALL,86,2516.0
2026-12-18,1400.0,PUT,86,0.0
2026-12-18,1410.0,CALL,86,490.0
2026-12-18,1410.0,PUT,86,0.0
2026-12-18,1420.0,CALL,86,816.0
2026-12-18,1420.0,PUT,86,0.0
2026-12-18,1430.0,CALL,86,896.0
2026-12-18,1440.0,CALL,86,44.0
2026-12-18,1450.0,CALL,86,62.0
2026-12-18,1460.0,CALL,86,270.0
2026-12-18,1470.0,CALL,86,137.0
2026-12-18,1480.0,CALL,86,2012.0
2026-12-18,1490.0,CALL,86,71.0
2027-01-15,5.0,CALL,114,68.0
2027-01-15,5.0,PUT,114,3204.0
2027-01-15,10.0,CALL,114,0.0
2027-01-15,10.0,PUT,114,1.0
2027-01-15,15.0,CALL,114,0.0
2027-01-15,15.0,PUT,114,4.0
2027-01-15,20.0,CALL,114,8.0
2027-01-15,20.0,PUT,114,2.0
2027-01-15,25.0,PUT,114,2.0
2027-01-15,30.0,PUT,114,4.0
2027-01-15,35.0,PUT,114,2.0
2027-01-15,40.0,CALL,114,0.0
2027-01-15,40.0,PUT,114,204.0
2027-01-15,45.0,CALL,114,0.0
2027-01-15,45.0,PUT,114,7.0
2027-01-15,50.0,CALL,114,111.0
2027-01-15,50.0,PUT,114,440.0
2027-01-15,100.0,CALL,114,126.0
2027-01-15,100.0,PUT,114,3066.0
2027-01-15,110.0,CALL,114,283.0
2027-01-15,110.0,PUT,114,353.0
2027-01-15,120.0,CALL,114,11.0
2027-01-15,120.0,PUT,114,98.0
2027-01-15,130.0,CALL,114,16.0
2027-01-15,130.0,PUT,114,87.0
2027-01-15,140.0,CALL,114,13.0
2027-01-15,140.0,PUT,114,198.0
2027-01-15,150.0,CALL,114,0.0
2027-01-15,150.0,PUT,114,262.0
2027-01-15,160.0,CALL,114,38.0
2027-01-15,160.0,PUT,114,173.0
2027-01-15,170.0,CALL,114,36.0
2027-01-15,170.0,PUT,114,468.0
2027-01-15,180.0,CALL,114,191.0
2027-01-15,180.0,PUT,114,253.0
2027-01-15,190.0,CALL,114,27.0
2027-01-15,190.0,PUT,114,176.0
2027-01-15,200.0,CALL,114,160.0
2027-01-15,200.0,PUT,114,483.0
2027-01-15,210.0,CALL,114,0.0
2027-01-15,210.0,PUT,114,387.0
2027-01-15,220.0,CALL,114,0.0
2027-01-15,220.0,PUT,114,1122.0
2027-01-15,230.0,CALL,114,55.0
2027-01-15,230.0,PUT,114,601.0
2027-01-15,240.0,CALL,114,73.0
2027-01-15,240.0,PUT,114,375.0
2027-01-15,250.0,CALL,114,86.0
2027-01-15,250.0,PUT,114,1049.0
2027-01-15,260.0,CALL,114,60.0
2027-01-15,260.0,PUT,114,209.0
2027-01-15,270.0,CALL,114,281.0
2027-01-15,270.0,PUT,114,1033.0
2027-01-15,280.0,CALL,114,55.0
2027-01-15,280.0,PUT,114,354.0
2027-01-15,290.0,CALL,114,168.0
2027-01-15,290.0,PUT,114,347.0
2027-01-15,300.0,CALL,114,378.0
2027-01-15,300.0,PUT,114,1322.0
2027-01-15,310.0,CALL,114,22.0
2027-01-15,310.0,PUT,114,441.0
2027-01-15,320.0,CALL,114,77.0
2027-01-15,320.0,PUT,114,797.0
2027-01-15,330.0,CALL,114,63.0
2027-01-15,330.0,PUT,114,511.0
2027-01-15,340.0,CALL,114,40.0
2027-01-15,340.0,PUT,114,458.0
2027-01-15,350.0,CALL,114,161.0
2027-01-15,350.0,PUT,114,1591.0
2027-01-15,360.0,CALL,114,91.0
2027-01-15,360.0,PUT,114,514.0
2027-01-15,370.0,CALL,114,45.0
2027-01-15,370.0,PUT,114,1428.0
2027-01-15,380.0,CALL,114,54.0
2027-01-15,380.0,PUT,114,850.0
2027-01-15,390.0,CALL,114,124.0
2027-01-15,390.0,PUT,114,1257.0
2027-01-15,400.0,CALL,114,515.0
2027-01-15,400.0,PUT,114,4254.0
2027-01-15,410.0,CALL,114,119.0
2027-01-15,410.0,PUT,114,1371.0
2027-01-15,420.0,CALL,114,203.0
2027-01-15,420.0,PUT,114,1990.0
2027-01-15,430.0,CALL,114,127.0
2027-01-15,430.0,PUT,114,2886.0
2027-01-15,440.0,CALL,114,152.0
2027-01-15,440.0,PUT,114,2721.0
2027-01-15,450.0,CALL,114,254.0
2027-01-15,450.0,PUT,114,7203.0
2027-01-15,460.0,CALL,114,141.0
2027-01-15,460.0,PUT,114,2868.0
2027-01-15,470.0,CALL,114,93.0
2027-01-15,470.0,PUT,114,2147.0
2027-01-15,480.0,CALL,114,263.0
2027-01-15,480.0,PUT,114,2735.0
2027-01-15,490.0,CALL,114,350.0
2027-01-15,490.0,PUT,114,3360.0
2027-01-15,500.0,CALL,114,2436.0
2027-01-15,500.0,PUT,114,8102.0
2027-01-15,510.0,CALL,114,1982.0
2027-01-15,510.0,PUT,114,5196.0
2027-01-15,520.0,CALL,114,399.0
2027-01-15,520.0,PUT,114,3894.0
2027-01-15,530.0,CALL,114,496.0
2027-01-15,530.0,PUT,114,3771.0
2027-01-15,540.0,CALL,114,835.0
2027-01-15,540.0,PUT,114,3503.0
2027-01-15,550.0,CALL,114,1579.0
2027-01-15,550.0,PUT,114,6351.0
2027-01-15,560.0,CALL,114,1247.0
2027-01-15,560.0,PUT,114,3392.0
2027-01-15,570.0,CALL,114,934.0
2027-01-15,570.0,PUT,114,6365.0
2027-01-15,580.0,CALL,114,1194.0
2027-01-15,580.0,PUT,114,3778.0
2027-01-15,590.0,CALL,114,1363.0
2027-01-15,590.0,PUT,114,1813.0
2027-01-15,600.0,CALL,114,6047.0
2027-01-15,600.0,PUT,114,6192.0
2027-01-15,610.0,CALL,114,1877.0
2027-01-15,610.0,PUT,114,1936.0
2027-01-15,620.0,CALL,114,2397.0
2027-01-15,620.0,PUT,114,2327.0
2027-01-15,630.0,CALL,114,3045.0
2027-01-15,630.0,PUT,114,3251.0
2027-01-15,640.0,CALL,114,1335.0
2027-01-15,640.0,PUT,114,2210.0
2027-01-15,650.0,CALL,114,4828.0
2027-01-15,650.0,PUT,114,3405.0
2027-01-15,660.0,CALL,114,3399.0
2027-01-15,660.0,PUT,114,1661.0
2027-01-15,670.0,CALL,114,2609.0
2027-01-15,670.0,PUT,114,2368.0
2027-01-15,680.0,CALL,114,2642.0
2027-01-15,680.0,PUT,114,1018.0
2027-01-15,690.0,CALL,114,1125.0
2027-01-15,690.0,PUT,114,649.0
2027-01-15,700.0,CALL,114,115713.0
2027-01-15,700.0,PUT,114,2662.0
2027-01-15,710.0,CALL,114,1552.0
2027-01-15,710.0,PUT,114,813.0
2027-01-15,720.0,CALL,114,2940.0
2027-01-15,720.0,PUT,114,947.0
2027-01-15,730.0,CALL,114,3745.0
2027-01-15,730.0,PUT,114,478.0
2027-01-15,740.0,CALL,114,2478.0
2027-01-15,740.0,PUT,114,490.0
2027-01-15,750.0,CALL,114,245254.0
2027-01-15,750.0,PUT,114,929.0
2027-01-15,760.0,CALL,114,3470.0
2027-01-15,760.0,PUT,114,571.0
2027-01-15,770.0,CALL,114,4736.0
2027-01-15,770.0,PUT,114,678.0
2027-01-15,780.0,CALL,114,3415.0
2027-01-15,780.0,PUT,114,381.0
2027-01-15,790.0,CALL,114,1760.0
2027-01-15,790.0,PUT,114,233.0
2027-01-15,800.0,CALL,114,108260.0
2027-01-15,800.0,PUT,114,529.0
2027-01-15,810.0,CALL,114,4853.0
2027-01-15,810.0,PUT,114,219.0
2027-01-15,820.0,CALL,114,3411.0
2027-01-15,820.0,PUT,114,83.0
2027-01-15,830.0,CALL,114,33272.0
2027-01-15,830.0,PUT,114,103.0
2027-01-15,840.0,CALL,114,1482.0
2027-01-15,840.0,PUT,114,102.0
2027-01-15,850.0,CALL,114,5911.0
2027-01-15,850.0,PUT,114,149.0
2027-01-15,860.0,CALL,114,1902.0
2027-01-15,860.0,PUT,114,27.0
2027-01-15,870.0,CALL,114,1091.0
2027-01-15,870.0,PUT,114,2.0
2027-01-15,880.0,CALL,114,810.0
2027-01-15,880.0,PUT,114,1.0
2027-01-15,890.0,CALL,114,1106.0
2027-01-15,890.0,PUT,114,3.0
2027-01-15,900.0,CALL,114,16766.0
2027-01-15,900.0,PUT,114,24.0
2027-01-15,910.0,CALL,114,1282.0
2027-01-15,910.0,PUT,114,0.0
2027-01-15,920.0,CALL,114,3438.0
2027-01-15,920.0,PUT,114,0.0
2027-01-15,930.0,CALL,114,936.0
2027-01-15,930.0,PUT,114,0.0
2027-01-15,940.0,CALL,114,1041.0
2027-01-15,940.0,PUT,114,0.0
2027-01-15,950.0,CALL,114,1623.0
2027-01-15,950.0,PUT,114,1.0
2027-01-15,960.0,CALL,114,578.0
2027-01-15,960.0,PUT,114,0.0
2027-01-15,970.0,CALL,114,546.0
2027-01-15,970.0,PUT,114,0.0
2027-01-15,980.0,CALL,114,563.0
2027-01-15,980.0,PUT,114,0.0
2027-01-15,990.0,CALL,114,514.0
2027-01-15,990.0,PUT,114,0.0
2027-01-15,1000.0,CALL,114,6847.0
2027-01-15,1000.0,PUT,114,4.0
2027-01-15,1010.0,CALL,114,479.0
2027-01-15,1010.0,PUT,114,1.0
2027-01-15,1020.0,CALL,114,562.0
2027-01-15,1020.0,PUT,114,4.0
2027-01-15,1030.0,CALL,114,358.0
2027-01-15,1030.0,PUT,114,1.0
2027-01-15,1040.0,CALL,114,289.0
2027-01-15,1040.0,PUT,114,0.0
2027-01-15,1050.0,CALL,114,1061.0
2027-01-15,1050.0,PUT,114,0.0
2027-01-15,1060.0,CALL,114,272.0
2027-01-15,1060.0,PUT,114,0.0
2027-01-15,1070.0,CALL,114,197.0
2027-01-15,1080.0,CALL,114,421.0
2027-01-15,1080.0,PUT,114,0.0
2027-01-15,1090.0,CALL,114,285.0
2027-01-15,1090.0,PUT,114,0.0
2027-01-15,1100.0,CALL,114,4051.0
2027-01-15,1100.0,PUT,114,0.0
2027-01-15,1110.0,CALL,114,500.0
2027-01-15,1110.0,PUT,114,0.0
2027-01-15,1120.0,CALL,114,348.0
2027-01-15,1120.0,PUT,114,5.0
2027-01-15,1130.0,CALL,114,385.0
2027-01-15,1130.0,PUT,114,48.0
2027-01-15,1140.0,CALL,114,285.0
2027-01-15,1140.0,PUT,114,0.0
2027-01-15,1150.0,CALL,114,4036.0
2027-01-15,1150.0,PUT,114,0.0
2027-01-15,1160.0,CALL,114,671.0
2027-01-15,1160.0,PUT,114,0.0
2027-01-15,1170.0,CALL,114,401.0
2027-01-15,1170.0,PUT,114,0.0
2027-01-15,1180.0,CALL,114,291.0
2027-01-15,1180.0,PUT,114,0.0
2027-01-15,1190.0,CALL,114,689.0
2027-01-15,1190.0,PUT,114,0.0
2027-01-15,1200.0,CALL,114,2379.0
2027-01-15,1200.0,PUT,114,0.0
2027-01-15,1210.0,CALL,114,181.0
2027-01-15,1210.0,PUT,114,0.0
2027-01-15,1220.0,CALL,114,261.0
2027-01-15,1220.0,PUT,114,0.0
2027-01-15,1230.0,CALL,114,142.0
2027-01-15,1230.0,PUT,114,0.0
2027-01-15,1240.0,CALL,114,663.0
2027-01-15,1240.0,PUT,114,0.0
2027-01-15,1250.0,CALL,114,37056.0
2027-01-15,1250.0,PUT,114,0.0
2027-01-15,1260.0,CALL,114,472.0
2027-01-15,1270.0,CALL,114,886.0
2027-01-15,1280.0,CALL,114,322.0
2027-01-15,1280.0,PUT,114,0.0
2027-01-15,1290.0,CALL,114,347.0
2027-01-15,1290.0,PUT,114,0.0
2027-01-15,1300.0,CALL,114,1682.0
2027-01-15,1300.0,PUT,114,0.0
2027-01-15,1310.0,CALL,114,113.0
2027-01-15,1320.0,CALL,114,390.0
2027-01-15,1320.0,PUT,114,0.0
2027-01-15,1330.0,CALL,114,379.0
2027-01-15,1340.0,CALL,114,164.0
2027-01-15,1350.0,CALL,114,573.0
2027-01-15,1360.0,CALL,114,747.0
2027-01-15,1370.0,CALL,114,158.0
2027-01-15,1380.0,CALL,114,52.0
2027-01-15,1380.0,PUT,114,0.0
2027-01-15,1390.0,CALL,114,254.0
2027-01-15,1390.0,PUT,114,0.0
2027-01-15,1400.0,CALL,114,1729.0
2027-01-15,1400.0,PUT,114,0.0
2027-01-15,1410.0,CALL,114,352.0
2027-01-15,1410.0,PUT,114,0.0
2027-01-15,1420.0,CALL,114,623.0
2027-01-15,1430.0,CALL,114,20432.0
2027-01-15,1430.0,PUT,114,0.0
2027-01-15,1440.0,CALL,114,383.0
2027-01-15,1440.0,PUT,114,0.0
2027-01-15,1450.0,CALL,114,181.0
2027-01-15,1460.0,CALL,114,157.0
2027-01-15,1470.0,CALL,114,166.0
2027-01-15,1480.0,CALL,114,3330.0
2027-01-15,1490.0,CALL,114,66.0
2027-02-19,100.0,CALL,149,20.0
2027-02-19,100.0,PUT,149,3.0
2027-02-19,110.0,PUT,149,4.0
2027-02-19,120.0,PUT,149,11.0
2027-02-19,130.0,CALL,149,9.0
2027-02-19,130.0,PUT,149,15.0
2027-02-19,140.0,PUT,149,13.0
2027-02-19,150.0,PUT,149,24.0
2027-02-19,160.0,CALL,149,0.0
2027-02-19,160.0,PUT,149,15.0
2027-02-19,170.0,PUT,149,40.0
2027-02-19,180.0,PUT,149,32.0
2027-02-19,190.0,PUT,149,23.0
2027-02-19,200.0,CALL,149,51.0
2027-02-19,200.0,PUT,149,1005.0
2027-02-19,210.0,PUT,149,67.0
2027-02-19,220.0,PUT,149,112.0
2027-02-19,230.0,PUT,149,39.0
2027-02-19,240.0,PUT,149,81.0
2027-02-19,250.0,CALL,149,6.0
2027-02-19,250.0,PUT,149,31.0
2027-02-19,260.0,PUT,149,14.0
2027-02-19,270.0,CALL,149,2.0
2027-02-19,270.0,PUT,149,80.0
2027-02-19,280.0,CALL,149,4.0
2027-02-19,280.0,PUT,149,85.0
2027-02-19,290.0,PUT,149,77.0
2027-02-19,300.0,CALL,149,17.0
2027-02-19,300.0,PUT,149,228.0
2027-02-19,310.0,PUT,149,30.0
2027-02-19,320.0,CALL,149,3.0
2027-02-19,320.0,PUT,149,47.0
2027-02-19,330.0,CALL,149,6.0
2027-02-19,330.0,PUT,149,39.0
2027-02-19,340.0,CALL,149,9.0
2027-02-19,340.0,PUT,149,75.0
2027-02-19,350.0,CALL,149,14.0
2027-02-19,350.0,PUT,149,175.0
2027-02-19,360.0,CALL,149,7.0
2027-02-19,360.0,PUT,149,33.0
2027-02-19,370.0,CALL,149,2.0
2027-02-19,370.0,PUT,149,60.0
2027-02-19,380.0,CALL,149,7.0
2027-02-19,380.0,PUT,149,137.0
2027-02-19,390.0,CALL,149,13.0
2027-02-19,390.0,PUT,149,113.0
2027-02-19,400.0,CALL,149,13.0
2027-02-19,400.0,PUT,149,160.0
2027-02-19,410.0,CALL,149,52.0
2027-02-19,410.0,PUT,149,404.0
2027-02-19,420.0,CALL,149,3.0
2027-02-19,420.0,PUT,149,327.0
2027-02-19,430.0,CALL,149,5.0
2027-02-19,430.0,PUT,149,579.0
2027-02-19,440.0,CALL,149,5.0
2027-02-19,440.0,PUT,149,575.0
2027-02-19,450.0,CALL,149,57.0
2027-02-19,450.0,PUT,149,915.0
2027-02-19,460.0,CALL,149,77.0
2027-02-19,460.0,PUT,149,489.0
2027-02-19,470.0,CALL,149,110.0
2027-02-19,470.0,PUT,149,662.0
2027-02-19,480.0,CALL,149,22.0
2027-02-19,480.0,PUT,149,1624.0
2027-02-19,490.0,CALL,149,51.0
2027-02-19,490.0,PUT,149,659.0
2027-02-19,500.0,CALL,149,150.0
2027-02-19,500.0,PUT,149,1262.0
2027-02-19,510.0,CALL,149,20.0
2027-02-19,510.0,PUT,149,666.0
2027-02-19,520.0,CALL,149,72.0
2027-02-19,520.0,PUT,149,608.0
2027-02-19,530.0,CALL,149,74.0
2027-02-19,530.0,PUT,149,654.0
2027-02-19,540.0,CALL,149,667.0
2027-02-19,540.0,PUT,149,764.0
2027-02-19,550.0,CALL,149,261.0
2027-02-19,550.0,PUT,149,888.0
2027-02-19,560.0,CALL,149,208.0
2027-02-19,560.0,PUT,149,566.0
2027-02-19,570.0,CALL,149,139.0
2027-02-19,570.0,PUT,149,369.0
2027-02-19,580.0,CALL,149,288.0
2027-02-19,580.0,PUT,149,1158.0
2027-02-19,590.0,CALL,149,698.0
2027-02-19,590.0,PUT,149,372.0
2027-02-19,600.0,CALL,149,922.0
2027-02-19,600.0,PUT,149,463.0
2027-02-19,610.0,CALL,149,287.0
2027-02-19,610.0,PUT,149,95.0
2027-02-19,620.0,CALL,149,148.0
2027-02-19,620.0,PUT,149,115.0
2027-02-19,630.0,CALL,149,239.0
2027-02-19,630.0,PUT,149,83.0
2027-02-19,640.0,CALL,149,174.0
2027-02-19,640.0,PUT,149,122.0
2027-02-19,650.0,CALL,149,3331.0
2027-02-19,650.0,PUT,149,336.0
2027-02-19,660.0,CALL,149,617.0
2027-02-19,660.0,PUT,149,52.0
2027-02-19,670.0,CALL,149,644.0
2027-02-19,670.0,PUT,149,178.0
2027-02-19,680.0,CALL,149,219.0
2027-02-19,680.0,PUT,149,52.0
2027-02-19,690.0,CALL,149,390.0
2027-02-19,690.0,PUT,149,256.0
2027-02-19,700.0,CALL,149,2185.0
2027-02-19,700.0,PUT,149,75.0
2027-02-19,710.0,CALL,149,280.0
2027-02-19,710.0,PUT,149,55.0
2027-02-19,720.0,CALL,149,364.0
2027-02-19,720.0,PUT,149,59.0
2027-02-19,730.0,CALL,149,539.0
2027-02-19,730.0,PUT,149,316.0
2027-02-19,740.0,CALL,149,377.0
2027-02-19,740.0,PUT,149,38.0
2027-02-19,750.0,CALL,149,1067.0
2027-02-19,750.0,PUT,149,57.0
2027-02-19,760.0,CALL,149,366.0
2027-02-19,760.0,PUT,149,23.0
2027-02-19,770.0,CALL,149,232.0
2027-02-19,770.0,PUT,149,30.0
2027-02-19,780.0,CALL,149,366.0
2027-02-19,780.0,PUT,149,18.0
2027-02-19,790.0,CALL,149,170.0
2027-02-19,790.0,PUT,149,3.0
2027-02-19,800.0,CALL,149,1449.0
2027-02-19,800.0,PUT,149,77.0
2027-02-19,810.0,CALL,149,146.0
2027-02-19,810.0,PUT,149,2.0
2027-02-19,820.0,CALL,149,147.0
2027-02-19,820.0,PUT,149,0.0
2027-02-19,830.0,CALL,149,164.0
2027-02-19,830.0,PUT,149,3.0
2027-02-19,840.0,CALL,149,102.0
2027-02-19,840.0,PUT,149,1.0
2027-02-19,850.0,CALL,149,516.0
2027-02-19,850.0,PUT,149,58.0
2027-02-19,860.0,CALL,149,248.0
2027-02-19,870.0,CALL,149,85.0
2027-02-19,880.0,CALL,149,303.0
2027-02-19,890.0,CALL,149,48.0
2027-02-19,900.0,CALL,149,6277.0
2027-02-19,900.0,PUT,149,4.0
2027-02-19,910.0,CALL,149,75.0
2027-02-19,910.0,PUT,149,1.0
2027-02-19,920.0,CALL,149,58.0
2027-02-19,920.0,PUT,149,0.0
2027-02-19,930.0,CALL,149,18.0
2027-02-19,930.0,PUT,149,0.0
2027-02-19,940.0,CALL,149,47.0
2027-02-19,950.0,CALL,149,82.0
2027-02-19,950.0,PUT,149,0.0
2027-02-19,960.0,CALL,149,189.0
2027-02-19,970.0,CALL,149,43.0
2027-02-19,980.0,CALL,149,90.0
2027-02-19,980.0,PUT,149,1.0
2027-02-19,990.0,CALL,149,29.0
2027-02-19,1000.0,CALL,149,478.0
2027-02-19,1000.0,PUT,149,1.0
2027-02-19,1010.0,CALL,149,75.0
2027-02-19,1020.0,CALL,149,48.0
2027-02-19,1030.0,CALL,149,51.0
2027-02-19,1040.0,CALL,149,12.0
2027-02-19,1050.0,CALL,149,51.0
2027-02-19,1050.0,PUT,149,1.0
2027-02-19,1060.0,CALL,149,19.0
2027-02-19,1070.0,CALL,149,163.0
2027-02-19,1080.0,CALL,149,67.0
2027-02-19,1090.0,CALL,149,2.0
2027-02-19,1100.0,CALL,149,558.0
2027-02-19,1110.0,CALL,149,101.0
2027-02-19,1120.0,CALL,149,14.0
2027-02-19,1130.0,CALL,149,23.0
2027-02-19,1140.0,CALL,149,41.0
2027-02-19,1150.0,CALL,149,41.0
2027-02-19,1150.0,PUT,149,0.0
2027-02-19,1160.0,CALL,149,31.0
2027-02-19,1170.0,CALL,149,47.0
2027-02-19,1180.0,CALL,149,111.0
2027-02-19,1190.0,CALL,149,646.0
2027-02-19,1210.0,CALL,149,1.0
2027-02-19,1230.0,CALL,149,11.0
2027-02-19,1260.0,CALL,149,5.0
2027-02-19,1490.0,CALL,149,1.0
2027-03-19,5.0,CALL,177,1669.0
2027-03-19,10.0,CALL,177,11.0
2027-03-19,10.0,PUT,177,3002.0
2027-03-19,15.0,PUT,177,15.0
2027-03-19,45.0,PUT,177,15.0
2027-03-19,50.0,PUT,177,0.0
2027-03-19,100.0,CALL,177,1.0
2027-03-19,100.0,PUT,177,78.0
2027-03-19,110.0,CALL,177,209.0
2027-03-19,110.0,PUT,177,0.0
2027-03-19,120.0,PUT,177,268.0
2027-03-19,130.0,PUT,177,22.0
2027-03-19,140.0,PUT,177,84.0
2027-03-19,150.0,CALL,177,0.0
2027-03-19,150.0,PUT,177,158.0
2027-03-19,160.0,CALL,177,0.0
2027-03-19,160.0,PUT,177,77.0
2027-03-19,170.0,CALL,177,21.0
2027-03-19,170.0,PUT,177,137.0
2027-03-19,180.0,CALL,177,1.0
2027-03-19,180.0,PUT,177,71.0
2027-03-19,190.0,CALL,177,2.0
2027-03-19,190.0,PUT,177,23.0
2027-03-19,200.0,CALL,177,5.0
2027-03-19,200.0,PUT,177,61.0
2027-03-19,210.0,CALL,177,0.0
2027-03-19,210.0,PUT,177,35.0
2027-03-19,220.0,PUT,177,150.0
2027-03-19,230.0,CALL,177,35.0
2027-03-19,230.0,PUT,177,99.0
2027-03-19,240.0,CALL,177,51.0
2027-03-19,240.0,PUT,177,59.0
2027-03-19,250.0,PUT,177,204.0
2027-03-19,260.0,CALL,177,2.0
2027-03-19,260.0,PUT,177,97.0
2027-03-19,270.0,CALL,177,23.0
2027-03-19,270.0,PUT,177,112.0
2027-03-19,280.0,CALL,177,44.0
2027-03-19,280.0,PUT,177,61.0
2027-03-19,290.0,CALL,177,2.0
2027-03-19,290.0,PUT,177,46.0
2027-03-19,300.0,CALL,177,21.0
2027-03-19,300.0,PUT,177,365.0
2027-03-19,310.0,CALL,177,0.0
2027-03-19,310.0,PUT,177,43.0
2027-03-19,320.0,CALL,177,12.0
2027-03-19,320.0,PUT,177,111.0
2027-03-19,330.0,CALL,177,16.0
2027-03-19,330.0,PUT,177,48.0
2027-03-19,340.0,CALL,177,6.0
2027-03-19,340.0,PUT,177,273.0
2027-03-19,350.0,CALL,177,25.0
2027-03-19,350.0,PUT,177,422.0
2027-03-19,360.0,CALL,177,24.0
2027-03-19,360.0,PUT,177,354.0
2027-03-19,370.0,CALL,177,18.0
2027-03-19,370.0,PUT,177,428.0
2027-03-19,380.0,CALL,177,113.0
2027-03-19,380.0,PUT,177,408.0
2027-03-19,390.0,CALL,177,73.0
2027-03-19,390.0,PUT,177,303.0
2027-03-19,400.0,CALL,177,86.0
2027-03-19,400.0,PUT,177,1400.0
2027-03-19,410.0,CALL,177,30.0
2027-03-19,410.0,PUT,177,768.0
2027-03-19,420.0,CALL,177,33.0
2027-03-19,420.0,PUT,177,2669.0
2027-03-19,430.0,CALL,177,162.0
2027-03-19,430.0,PUT,177,948.0
2027-03-19,440.0,CALL,177,18.0
2027-03-19,440.0,PUT,177,547.0
2027-03-19,450.0,CALL,177,135.0
2027-03-19,450.0,PUT,177,4122.0
2027-03-19,460.0,CALL,177,86.0
2027-03-19,460.0,PUT,177,2056.0
2027-03-19,470.0,CALL,177,36.0
2027-03-19,470.0,PUT,177,1325.0
2027-03-19,480.0,CALL,177,48.0
2027-03-19,480.0,PUT,177,1428.0
2027-03-19,490.0,CALL,177,39.0
2027-03-19,490.0,PUT,177,1710.0
2027-03-19,500.0,CALL,177,496.0
2027-03-19,500.0,PUT,177,4519.0
2027-03-19,510.0,CALL,177,54.0
2027-03-19,510.0,PUT,177,909.0
2027-03-19,520.0,CALL,177,64.0
2027-03-19,520.0,PUT,177,1121.0
2027-03-19,530.0,CALL,177,158.0
2027-03-19,530.0,PUT,177,1024.0
2027-03-19,540.0,CALL,177,258.0
2027-03-19,540.0,PUT,177,1784.0
2027-03-19,550.0,CALL,177,833.0
2027-03-19,550.0,PUT,177,4378.0
2027-03-19,560.0,CALL,177,290.0
2027-03-19,560.0,PUT,177,931.0
2027-03-19,565.0,CALL,177,41.0
2027-03-19,565.0,PUT,177,381.0
2027-03-19,570.0,CALL,177,534.0
2027-03-19,570.0,PUT,177,1409.0
2027-03-19,575.0,CALL,177,529.0
2027-03-19,575.0,PUT,177,331.0
2027-03-19,580.0,CALL,177,779.0
2027-03-19,580.0,PUT,177,1480.0
2027-03-19,585.0,CALL,177,196.0
2027-03-19,585.0,PUT,177,344.0
2027-03-19,590.0,CALL,177,283.0
2027-03-19,590.0,PUT,177,672.0
2027-03-19,595.0,CALL,177,258.0
2027-03-19,595.0,PUT,177,171.0
2027-03-19,600.0,CALL,177,2017.0
2027-03-19,600.0,PUT,177,1414.0
2027-03-19,605.0,CALL,177,84.0
2027-03-19,605.0,PUT,177,135.0
2027-03-19,610.0,CALL,177,410.0
2027-03-19,610.0,PUT,177,1548.0
2027-03-19,615.0,CALL,177,249.0
2027-03-19,615.0,PUT,177,174.0
2027-03-19,620.0,CALL,177,414.0
2027-03-19,620.0,PUT,177,875.0
2027-03-19,625.0,CALL,177,125.0
2027-03-19,625.0,PUT,177,233.0
2027-03-19,630.0,CALL,177,342.0
2027-03-19,630.0,PUT,177,624.0
2027-03-19,635.0,CALL,177,95.0
2027-03-19,635.0,PUT,177,367.0
2027-03-19,640.0,CALL,177,404.0
2027-03-19,640.0,PUT,177,333.0
2027-03-19,645.0,CALL,177,147.0
2027-03-19,645.0,PUT,177,226.0
2027-03-19,650.0,CALL,177,4540.0
2027-03-19,650.0,PUT,177,840.0
2027-03-19,655.0,CALL,177,134.0
2027-03-19,655.0,PUT,177,236.0
2027-03-19,660.0,CALL,177,685.0
2027-03-19,660.0,PUT,177,448.0
2027-03-19,665.0,CALL,177,206.0
2027-03-19,665.0,PUT,177,5122.0
2027-03-19,670.0,CALL,177,445.0
2027-03-19,670.0,PUT,177,332.0
2027-03-19,675.0,CALL,177,324.0
2027-03-19,675.0,PUT,177,47.0
2027-03-19,680.0,CALL,177,532.0
2027-03-19,680.0,PUT,177,332.0
2027-03-19,685.0,CALL,177,174.0
2027-03-19,685.0,PUT,177,52.0
2027-03-19,690.0,CALL,177,450.0
2027-03-19,690.0,PUT,177,172.0
2027-03-19,695.0,CALL,177,66.0
2027-03-19,695.0,PUT,177,70.0
2027-03-19,700.0,CALL,177,3433.0
2027-03-19,700.0,PUT,177,374.0
2027-03-19,705.0,CALL,177,84.0
2027-03-19,705.0,PUT,177,53.0
2027-03-19,710.0,CALL,177,774.0
2027-03-19,710.0,PUT,177,166.0
2027-03-19,715.0,CALL,177,488.0
2027-03-19,715.0,PUT,177,78.0
2027-03-19,720.0,CALL,177,347.0
2027-03-19,720.0,PUT,177,155.0
2027-03-19,725.0,CALL,177,177.0
2027-03-19,725.0,PUT,177,29.0
2027-03-19,730.0,CALL,177,541.0
2027-03-19,730.0,PUT,177,63.0
2027-03-19,735.0,CALL,177,151.0
2027-03-19,735.0,PUT,177,51.0
2027-03-19,740.0,CALL,177,362.0
2027-03-19,740.0,PUT,177,195.0
2027-03-19,745.0,CALL,177,222.0
2027-03-19,745.0,PUT,177,18.0
2027-03-19,750.0,CALL,177,1420.0
2027-03-19,750.0,PUT,177,149.0
2027-03-19,755.0,CALL,177,148.0
2027-03-19,755.0,PUT,177,49.0
2027-03-19,760.0,CALL,177,444.0
2027-03-19,760.0,PUT,177,52.0
2027-03-19,770.0,CALL,177,425.0
2027-03-19,770.0,PUT,177,42.0
2027-03-19,780.0,CALL,177,1242.0
2027-03-19,780.0,PUT,177,37.0
2027-03-19,790.0,CALL,177,337.0
2027-03-19,790.0,PUT,177,154.0
2027-03-19,800.0,CALL,177,6902.0
2027-03-19,800.0,PUT,177,178.0
2027-03-19,810.0,CALL,177,615.0
2027-03-19,810.0,PUT,177,118.0
2027-03-19,820.0,CALL,177,455.0
2027-03-19,820.0,PUT,177,6.0
2027-03-19,830.0,CALL,177,449.0
2027-03-19,840.0,CALL,177,333.0
2027-03-19,840.0,PUT,177,4.0
2027-03-19,850.0,CALL,177,2034.0
2027-03-19,850.0,PUT,177,122.0
2027-03-19,860.0,CALL,177,626.0
2027-03-19,860.0,PUT,177,4.0
2027-03-19,870.0,CALL,177,374.0
2027-03-19,870.0,PUT,177,4.0
2027-03-19,880.0,CALL,177,762.0
2027-03-19,880.0,PUT,177,4.0
2027-03-19,890.0,CALL,177,183.0
2027-03-19,890.0,PUT,177,6.0
2027-03-19,900.0,CALL,177,5080.0
2027-03-19,900.0,PUT,177,5.0
2027-03-19,910.0,CALL,177,524.0
2027-03-19,910.0,PUT,177,0.0
2027-03-19,920.0,CALL,177,895.0
2027-03-19,920.0,PUT,177,0.0
2027-03-19,930.0,CALL,177,247.0
2027-03-19,930.0,PUT,177,0.0
2027-03-19,940.0,CALL,177,1046.0
2027-03-19,950.0,CALL,177,4116.0
2027-03-19,950.0,PUT,177,0.0
2027-03-19,960.0,CALL,177,726.0
2027-03-19,970.0,CALL,177,74.0
2027-03-19,970.0,PUT,177,0.0
2027-03-19,980.0,CALL,177,632.0
2027-03-19,980.0,PUT,177,0.0
2027-03-19,990.0,CALL,177,503.0
2027-03-19,990.0,PUT,177,0.0
2027-03-19,1000.0,CALL,177,2833.0
2027-03-19,1000.0,PUT,177,0.0
2027-03-19,1010.0,CALL,177,104.0
2027-03-19,1020.0,CALL,177,774.0
2027-03-19,1030.0,CALL,177,361.0
2027-03-19,1030.0,PUT,177,0.0
2027-03-19,1040.0,CALL,177,1028.0
2027-03-19,1050.0,CALL,177,123.0
2027-03-19,1060.0,CALL,177,109.0
2027-03-19,1070.0,CALL,177,287.0
2027-03-19,1080.0,CALL,177,64.0
2027-03-19,1090.0,CALL,177,80.0
2027-03-19,1100.0,CALL,177,3965.0
2027-03-19,1100.0,PUT,177,0.0
2027-03-19,1110.0,CALL,177,55.0
2027-03-19,1120.0,CALL,177,73.0
2027-03-19,1130.0,CALL,177,60.0
2027-03-19,1140.0,CALL,177,64.0
2027-03-19,1150.0,CALL,177,76.0
2027-03-19,1160.0,CALL,177,56.0
2027-03-19,1170.0,CALL,177,65.0
2027-03-19,1180.0,CALL,177,101.0
2027-03-19,1190.0,CALL,177,34.0
2027-03-19,1200.0,CALL,177,338.0
2027-03-19,1210.0,CALL,177,396.0
2027-03-19,1220.0,CALL,177,846.0
2027-03-19,1220.0,PUT,177,0.0
2027-03-19,1230.0,CALL,177,45.0
2027-03-19,1240.0,CALL,177,453.0
2027-03-19,1250.0,CALL,177,1282.0
2027-03-19,1270.0,CALL,177,1.0
2027-03-19,1290.0,CALL,177,4.0
2027-03-19,1300.0,CALL,177,2.0
2027-03-19,1320.0,CALL,177,2.0
2027-03-19,1340.0,CALL,177,1.0
2027-03-19,1370.0,CALL,177,1.0
2027-03-19,1400.0,CALL,177,15.0
2027-03-19,1420.0,CALL,177,5.0
2027-03-19,1470.0,CALL,177,5.0
2027-03-19,1480.0,CALL,177,131.0
2027-03-19,1490.0,CALL,177,191.0
