expiration,strike,option_type,DTE,openInterest
2026-09-25,100.0,CALL,0,0.0
2026-09-25,130.0,CALL,0,0.0
2026-09-25,130.0,PUT,0,1029.0
2026-09-25,140.0,PUT,0,1010.0
2026-09-25,150.0,PUT,0,1000.0
2026-09-25,170.0,CALL,0,0.0
2026-09-25,180.0,CALL,0,0.0
2026-09-25,200.0,CALL,0,3.0
2026-09-25,200.0,PUT,0,129.0
2026-09-25,210.0,PUT,0,143.0
2026-09-25,220.0,PUT,0,38.0
2026-09-25,230.0,PUT,0,36.0
2026-09-25,240.0,PUT,0,19.0
2026-09-25,250.0,PUT,0,46.0
2026-09-25,260.0,CALL,0,0.0
2026-09-25,260.0,PUT,0,71.0
2026-09-25,270.0,PUT,0,12.0
2026-09-25,290.0,CALL,0,0.0
2026-09-25,290.0,PUT,0,3.0
2026-09-25,300.0,CALL,0,0.0
2026-09-25,300.0,PUT,0,148.0
2026-09-25,310.0,PUT,0,0.0
2026-09-25,320.0,PUT,0,98.0
2026-09-25,330.0,PUT,0,21.0
2026-09-25,340.0,PUT,0,17.0
2026-09-25,350.0,PUT,0,634.0
2026-09-25,360.0,PUT,0,70.0
2026-09-25,370.0,PUT,0,765.0
2026-09-25,380.0,PUT,0,138.0
2026-09-25,390.0,PUT,0,154.0
2026-09-25,400.0,CALL,0,1.0
2026-09-25,400.0,PUT,0,245.0
2026-09-25,405.0,PUT,0,164.0
2026-09-25,410.0,PUT,0,251.0
2026-09-25,415.0,PUT,0,334.0
2026-09-25,420.0,PUT,0,112.0
2026-09-25,425.0,PUT,0,136.0
2026-09-25,430.0,PUT,0,102.0
2026-09-25,435.0,CALL,0,7.0
2026-09-25,435.0,PUT,0,83.0
2026-09-25,440.0,CALL,0,21.0
2026-09-25,440.0,PUT,0,139.0
2026-09-25,445.0,CALL,0,8.0
2026-09-25,445.0,PUT,0,316.0
2026-09-25,450.0,CALL,0,33.0
2026-09-25,450.0,PUT,0,420.0
2026-09-25,455.0,PUT,0,212.0
2026-09-25,460.0,CALL,0,4.0
2026-09-25,460.0,PUT,0,213.0
2026-09-25,465.0,PUT,0,208.0
2026-09-25,470.0,CALL,0,6.0
2026-09-25,470.0,PUT,0,192.0
2026-09-25,475.0,CALL,0,6.0
2026-09-25,475.0,PUT,0,307.0
2026-09-25,480.0,CALL,0,6.0
2026-09-25,480.0,PUT,0,580.0
2026-09-25,485.0,CALL,0,1.0
2026-09-25,485.0,PUT,0,420.0
2026-09-25,490.0,CALL,0,3.0
2026-09-25,490.0,PUT,0,360.0
2026-09-25,495.0,CALL,0,3.0
2026-09-25,495.0,PUT,0,341.0
2026-09-25,500.0,CALL,0,4.0
2026-09-25,500.0,PUT,0,433.0
2026-09-25,505.0,CALL,0,5.0
2026-09-25,505.0,PUT,0,323.0
2026-09-25,510.0,CALL,0,7.0
2026-09-25,510.0,PUT,0,587.0
2026-09-25,515.0,CALL,0,8.0
2026-09-25,515.0,PUT,0,552.0
2026-09-25,520.0,CALL,0,5.0
2026-09-25,520.0,PUT,0,4985.0
2026-09-25,525.0,CALL,0,5.0
2026-09-25,525.0,PUT,0,464.0
2026-09-25,530.0,CALL,0,17.0
2026-09-25,530.0,PUT,0,1301.0
2026-09-25,535.0,CALL,0,10.0
2026-09-25,535.0,PUT,0,837.0
2026-09-25,540.0,CALL,0,60.0
2026-09-25,540.0,PUT,0,944.0
2026-09-25,545.0,CALL,0,130.0
2026-09-25,545.0,PUT,0,685.0
2026-09-25,547.5,CALL,0,5.0
2026-09-25,547.5,PUT,0,517.0
2026-09-25,550.0,CALL,0,169.0
2026-09-25,550.0,PUT,0,2068.0
2026-09-25,552.5,CALL,0,5.0
2026-09-25,552.5,PUT,0,975.0
2026-09-25,555.0,CALL,0,16.0
2026-09-25,555.0,PUT,0,286.0
2026-09-25,557.5,CALL,0,6.0
2026-09-25,557.5,PUT,0,281.0
2026-09-25,560.0,CALL,0,32.0
2026-09-25,560.0,PUT,0,2936.0
2026-09-25,562.5,CALL,0,5.0
2026-09-25,562.5,PUT,0,155.0
2026-09-25,565.0,CALL,0,294.0
2026-09-25,565.0,PUT,0,809.0
2026-09-25,567.5,CALL,0,2.0
2026-09-25,567.5,PUT,0,1024.0
2026-09-25,570.0,CALL,0,282.0
2026-09-25,570.0,PUT,0,745.0
2026-09-25,572.5,CALL,0,5.0
2026-09-25,572.5,PUT,0,140.0
2026-09-25,575.0,CALL,0,278.0
2026-09-25,575.0,PUT,0,1245.0
2026-09-25,577.5,CALL,0,4.0
2026-09-25,577.5,PUT,0,321.0
2026-09-25,580.0,CALL,0,556.0
2026-09-25,580.0,PUT,0,882.0
2026-09-25,582.5,CALL,0,9.0
2026-09-25,582.5,PUT,0,41.0
2026-09-25,585.0,CALL,0,592.0
2026-09-25,585.0,PUT,0,581.0
2026-09-25,587.5,CALL,0,15.0
2026-09-25,587.5,PUT,0,175.0
2026-09-25,590.0,CALL,0,729.0
2026-09-25,590.0,PUT,0,720.0
2026-09-25,592.5,CALL,0,28.0
2026-09-25,592.5,PUT,0,101.0
2026-09-25,595.0,CALL,0,403.0
2026-09-25,595.0,PUT,0,401.0
2026-09-25,597.5,CALL,0,30.0
2026-09-25,597.5,PUT,0,210.0
2026-09-25,600.0,CALL,0,1608.0
2026-09-25,600.0,PUT,0,1880.0
2026-09-25,602.5,CALL,0,13.0
2026-09-25,602.5,PUT,0,98.0
2026-09-25,605.0,CALL,0,601.0
2026-09-25,605.0,PUT,0,991.0
2026-09-25,607.5,CALL,0,5.0
2026-09-25,607.5,PUT,0,285.0
2026-09-25,610.0,CALL,0,657.0
2026-09-25,610.0,PUT,0,1991.0
2026-09-25,612.5,CALL,0,59.0
2026-09-25,612.5,PUT,0,616.0
2026-09-25,615.0,CALL,0,786.0
2026-09-25,615.0,PUT,0,1047.0
2026-09-25,617.5,CALL,0,36.0
2026-09-25,617.5,PUT,0,212.0
2026-09-25,620.0,CALL,0,1197.0
2026-09-25,620.0,PUT,0,1236.0
2026-09-25,622.5,CALL,0,28.0
2026-09-25,622.5,PUT,0,200.0
2026-09-25,625.0,CALL,0,1134.0
2026-09-25,625.0,PUT,0,1122.0
2026-09-25,627.5,CALL,0,98.0
2026-09-25,627.5,PUT,0,238.0
2026-09-25,630.0,CALL,0,273.0
2026-09-25,630.0,PUT,0,1130.0
2026-09-25,632.5,CALL,0,90.0
2026-09-25,632.5,PUT,0,404.0
2026-09-25,635.0,CALL,0,798.0
2026-09-25,635.0,PUT,0,1025.0
2026-09-25,637.5,CALL,0,36.0
2026-09-25,637.5,PUT,0,395.0
2026-09-25,640.0,CALL,0,634.0
2026-09-25,640.0,PUT,0,5871.0
2026-09-25,642.5,CALL,0,29.0
2026-09-25,642.5,PUT,0,214.0
2026-09-25,645.0,CALL,0,634.0
2026-09-25,645.0,PUT,0,750.0
2026-09-25,647.5,CALL,0,2522.0
2026-09-25,647.5,PUT,0,353.0
2026-09-25,650.0,CALL,0,4028.0
2026-09-25,650.0,PUT,0,6248.0
2026-09-25,652.5,CALL,0,77.0
2026-09-25,652.5,PUT,0,281.0
2026-09-25,655.0,CALL,0,761.0
2026-09-25,655.0,PUT,0,770.0
2026-09-25,657.5,CALL,0,157.0
2026-09-25,657.5,PUT,0,472.0
2026-09-25,660.0,CALL,0,2315.0
2026-09-25,660.0,PUT,0,1542.0
2026-09-25,662.5,CALL,0,64.0
2026-09-25,662.5,PUT,0,593.0
2026-09-25,665.0,CALL,0,602.0
2026-09-25,665.0,PUT,0,949.0
2026-09-25,667.5,CALL,0,270.0
2026-09-25,667.5,PUT,0,502.0
2026-09-25,670.0,CALL,0,1344.0
2026-09-25,670.0,PUT,0,2830.0
2026-09-25,672.5,CALL,0,318.0
2026-09-25,672.5,PUT,0,1963.0
2026-09-25,675.0,CALL,0,1899.0
2026-09-25,675.0,PUT,0,1827.0
2026-09-25,677.5,CALL,0,388.0
2026-09-25,677.5,PUT,0,717.0
2026-09-25,680.0,CALL,0,1774.0
2026-09-25,680.0,PUT,0,1845.0
2026-09-25,682.5,CALL,0,173.0
2026-09-25,682.5,PUT,0,959.0
2026-09-25,685.0,CALL,0,1571.0
2026-09-25,685.0,PUT,0,1331.0
2026-09-25,687.5,CALL,0,2213.0
2026-09-25,687.5,PUT,0,588.0
2026-09-25,690.0,CALL,0,2490.0
2026-09-25,690.0,PUT,0,1794.0
2026-09-25,692.5,CALL,0,1003.0
2026-09-25,692.5,PUT,0,536.0
2026-09-25,695.0,CALL,0,448.0
2026-09-25,695.0,PUT,0,1497.0
2026-09-25,697.5,CALL,0,358.0
2026-09-25,697.5,PUT,0,468.0
2026-09-25,700.0,CALL,0,4269.0
2026-09-25,700.0,PUT,0,6558.0
2026-09-25,702.5,CALL,0,2488.0
2026-09-25,702.5,PUT,0,2498.0
2026-09-25,705.0,CALL,0,3286.0
2026-09-25,705.0,PUT,0,2863.0
2026-09-25,707.5,CALL,0,214.0
2026-09-25,707.5,PUT,0,476.0
2026-09-25,710.0,CALL,0,1893.0
2026-09-25,710.0,PUT,0,4127.0
2026-09-25,712.5,CALL,0,463.0
2026-09-25,712.5,PUT,0,717.0
2026-09-25,715.0,CALL,0,808.0
2026-09-25,715.0,PUT,0,3351.0
2026-09-25,717.5,CALL,0,1626.0
2026-09-25,717.5,PUT,0,802.0
2026-09-25,720.0,CALL,0,2605.0
2026-09-25,720.0,PUT,0,3385.0
2026-09-25,722.5,CALL,0,853.0
2026-09-25,722.5,PUT,0,1429.0
2026-09-25,725.0,CALL,0,1329.0
2026-09-25,725.0,PUT,0,5351.0
2026-09-25,727.5,CALL,0,904.0
2026-09-25,727.5,PUT,0,3259.0
2026-09-25,730.0,CALL,0,1900.0
2026-09-25,730.0,PUT,0,5182.0
2026-09-25,732.5,CALL,0,364.0
2026-09-25,732.5,PUT,0,2754.0
2026-09-25,735.0,CALL,0,1321.0
2026-09-25,735.0,PUT,0,3040.0
2026-09-25,737.5,CALL,0,406.0
2026-09-25,737.5,PUT,0,967.0
2026-09-25,740.0,CALL,0,3049.0
2026-09-25,740.0,PUT,0,4698.0
2026-09-25,742.5,CALL,0,1284.0
2026-09-25,742.5,PUT,0,1050.0
2026-09-25,745.0,CALL,0,2820.0
2026-09-25,745.0,PUT,0,3123.0
2026-09-25,747.5,CALL,0,1575.0
2026-09-25,747.5,PUT,0,3894.0
2026-09-25,750.0,CALL,0,10460.0
2026-09-25,750.0,PUT,0,9221.0
2026-09-25,755.0,CALL,0,1968.0
2026-09-25,755.0,PUT,0,2303.0
2026-09-25,760.0,CALL,0,3013.0
2026-09-25,760.0,PUT,0,2774.0
2026-09-25,765.0,CALL,0,6448.0
2026-09-25,765.0,PUT,0,1863.0
2026-09-25,770.0,CALL,0,2898.0
2026-09-25,770.0,PUT,0,1969.0
2026-09-25,775.0,CALL,0,6578.0
2026-09-25,775.0,PUT,0,1388.0
2026-09-25,780.0,CALL,0,5362.0
2026-09-25,780.0,PUT,0,807.0
2026-09-25,785.0,CALL,0,3109.0
2026-09-25,785.0,PUT,0,263.0
2026-09-25,790.0,CALL,0,3162.0
2026-09-25,790.0,PUT,0,230.0
2026-09-25,795.0,CALL,0,1844.0
2026-09-25,795.0,PUT,0,35.0
2026-09-25,800.0,CALL,0,12662.0
2026-09-25,800.0,PUT,0,201.0
2026-09-25,805.0,CALL,0,2490.0
2026-09-25,805.0,PUT,0,54.0
2026-09-25,810.0,CALL,0,3925.0
2026-09-25,810.0,PUT,0,43.0
2026-09-25,815.0,CALL,0,2660.0
2026-09-25,815.0,PUT,0,11.0
2026-09-25,820.0,CALL,0,3975.0
2026-09-25,820.0,PUT,0,355.0
2026-09-25,825.0,CALL,0,3067.0
2026-09-25,830.0,CALL,0,2307.0
2026-09-25,830.0,PUT,0,15.0
2026-09-25,835.0,CALL,0,2234.0
2026-09-25,840.0,CALL,0,1536.0
2026-09-25,840.0,PUT,0,6.0
2026-09-25,845.0,CALL,0,2454.0
2026-09-25,850.0,CALL,0,3793.0
2026-09-25,850.0,PUT,0,7.0
2026-09-25,855.0,CALL,0,1614.0
2026-09-25,860.0,CALL,0,1243.0
2026-09-25,865.0,CALL,0,996.0
2026-09-25,865.0,PUT,0,0.0
2026-09-25,870.0,CALL,0,946.0
2026-09-25,875.0,CALL,0,2656.0
2026-09-25,880.0,CALL,0,3194.0
2026-09-25,880.0,PUT,0,0.0
2026-09-25,885.0,CALL,0,449.0
2026-09-25,890.0,CALL,0,643.0
2026-09-25,895.0,CALL,0,382.0
2026-09-25,900.0,CALL,0,4068.0
2026-09-25,905.0,CALL,0,334.0
2026-09-25,910.0,CALL,0,327.0
2026-09-25,915.0,CALL,0,232.0
2026-09-25,920.0,CALL,0,751.0
2026-09-25,925.0,CALL,0,302.0
2026-09-25,930.0,CALL,0,636.0
2026-09-25,935.0,CALL,0,272.0
2026-09-25,935.0,PUT,0,0.0
2026-09-25,940.0,CALL,0,514.0
2026-09-25,945.0,CALL,0,203.0
2026-09-25,950.0,CALL,0,216.0
2026-09-25,955.0,CALL,0,290.0
2026-09-25,960.0,CALL,0,243.0
2026-09-25,965.0,CALL,0,321.0
2026-09-25,970.0,CALL,0,226.0
2026-09-25,975.0,CALL,0,325.0
2026-09-25,980.0,CALL,0,746.0
2026-09-25,985.0,CALL,0,343.0
2026-09-25,990.0,CALL,0,394.0
2026-09-25,995.0,CALL,0,205.0
2026-09-25,1000.0,CALL,0,1482.0
2026-09-25,1010.0,CALL,0,467.0
2026-09-25,1020.0,CALL,0,559.0
2026-09-25,1030.0,CALL,0,217.0
2026-09-25,1040.0,CALL,0,457.0
2026-09-25,1050.0,CALL,0,447.0
2026-09-25,1060.0,CALL,0,209.0
2026-09-25,1070.0,CALL,0,469.0
2026-09-25,1220.0,CALL,0,9.0
2026-09-25,1250.0,CALL,0,5.0
2026-09-25,1300.0,CALL,0,6.0
2026-09-25,1490.0,CALL,0,3.0
2026-09-28,510.0,PUT,3,10.0
2026-09-28,515.0,PUT,3,7.0
2026-09-28,520.0,PUT,3,1.0
2026-09-28,525.0,PUT,3,2.0
2026-09-28,530.0,PUT,3,5.0
2026-09-28,535.0,PUT,3,5.0
2026-09-28,540.0,PUT,3,5.0
2026-09-28,545.0,PUT,3,36.0
2026-09-28,550.0,PUT,3,6.0
2026-09-28,555.0,PUT,3,16.0
2026-09-28,560.0,PUT,3,4.0
2026-09-28,565.0,CALL,3,27.0
2026-09-28,565.0,PUT,3,105.0
2026-09-28,570.0,CALL,3,21.0
2026-09-28,570.0,PUT,3,6.0
2026-09-28,575.0,CALL,3,4.0
2026-09-28,575.0,PUT,3,25.0
2026-09-28,580.0,CALL,3,26.0
2026-09-28,580.0,PUT,3,27.0
2026-09-28,585.0,CALL,3,6.0
2026-09-28,585.0,PUT,3,18.0
2026-09-28,587.5,PUT,3,15.0
2026-09-28,590.0,CALL,3,9.0
2026-09-28,590.0,PUT,3,38.0
2026-09-28,592.5,CALL,3,3.0
2026-09-28,592.5,PUT,3,5.0
2026-09-28,595.0,CALL,3,10.0
2026-09-28,595.0,PUT,3,18.0
2026-09-28,597.5,CALL,3,3.0
2026-09-28,597.5,PUT,3,11.0
2026-09-28,600.0,CALL,3,12.0
2026-09-28,600.0,PUT,3,66.0
2026-09-28,602.5,PUT,3,20.0
2026-09-28,605.0,CALL,3,2.0
2026-09-28,605.0,PUT,3,5.0
2026-09-28,607.5,PUT,3,10.0
2026-09-28,610.0,PUT,3,82.0
2026-09-28,612.5,PUT,3,7.0
2026-09-28,615.0,CALL,3,2.0
2026-09-28,615.0,PUT,3,19.0
2026-09-28,617.5,CALL,3,4.0
2026-09-28,617.5,PUT,3,15.0
2026-09-28,620.0,CALL,3,2.0
2026-09-28,620.0,PUT,3,43.0
2026-09-28,622.5,CALL,3,2.0
2026-09-28,622.5,PUT,3,25.0
2026-09-28,625.0,CALL,3,7.0
2026-09-28,625.0,PUT,3,24.0
2026-09-28,627.5,CALL,3,1.0
2026-09-28,627.5,PUT,3,67.0
2026-09-28,630.0,CALL,3,2.0
2026-09-28,630.0,PUT,3,103.0
2026-09-28,632.5,PUT,3,10.0
2026-09-28,635.0,CALL,3,19.0
2026-09-28,635.0,PUT,3,164.0
2026-09-28,637.5,CALL,3,0.0
2026-09-28,637.5,PUT,3,24.0
2026-09-28,640.0,CALL,3,8.0
2026-09-28,640.0,PUT,3,70.0
2026-09-28,642.5,PUT,3,149.0
2026-09-28,645.0,CALL,3,8.0
2026-09-28,645.0,PUT,3,54.0
2026-09-28,647.5,CALL,3,5.0
2026-09-28,647.5,PUT,3,14.0
2026-09-28,650.0,CALL,3,81.0
2026-09-28,650.0,PUT,3,233.0
2026-09-28,652.5,CALL,3,5.0
2026-09-28,652.5,PUT,3,11.0
2026-09-28,655.0,CALL,3,25.0
2026-09-28,655.0,PUT,3,269.0
2026-09-28,657.5,CALL,3,6.0
2026-09-28,657.5,PUT,3,56.0
2026-09-28,660.0,CALL,3,28.0
2026-09-28,660.0,PUT,3,290.0
2026-09-28,662.5,CALL,3,36.0
2026-09-28,662.5,PUT,3,95.0
2026-09-28,665.0,CALL,3,65.0
2026-09-28,665.0,PUT,3,216.0
2026-09-28,667.5,CALL,3,184.0
2026-09-28,667.5,PUT,3,73.0
2026-09-28,670.0,CALL,3,148.0
2026-09-28,670.0,PUT,3,274.0
2026-09-28,672.5,CALL,3,182.0
2026-09-28,672.5,PUT,3,128.0
2026-09-28,675.0,CALL,3,120.0
2026-09-28,675.0,PUT,3,242.0
2026-09-28,677.5,CALL,3,60.0
2026-09-28,677.5,PUT,3,441.0
2026-09-28,680.0,CALL,3,204.0
2026-09-28,680.0,PUT,3,433.0
2026-09-28,682.5,CALL,3,50.0
2026-09-28,682.5,PUT,3,265.0
2026-09-28,685.0,CALL,3,114.0
2026-09-28,685.0,PUT,3,413.0
2026-09-28,687.5,CALL,3,35.0
2026-09-28,687.5,PUT,3,47.0
2026-09-28,690.0,CALL,3,176.0
2026-09-28,690.0,PUT,3,272.0
2026-09-28,692.5,CALL,3,36.0
2026-09-28,692.5,PUT,3,387.0
2026-09-28,695.0,CALL,3,100.0
2026-09-28,695.0,PUT,3,232.0
2026-09-28,697.5,CALL,3,73.0
2026-09-28,697.5,PUT,3,248.0
2026-09-28,700.0,CALL,3,344.0
2026-09-28,700.0,PUT,3,1628.0
2026-09-28,702.5,CALL,3,49.0
2026-09-28,702.5,PUT,3,217.0
2026-09-28,705.0,CALL,3,152.0
2026-09-28,705.0,PUT,3,385.0
2026-09-28,707.5,CALL,3,49.0
2026-09-28,707.5,PUT,3,159.0
2026-09-28,710.0,CALL,3,112.0
2026-09-28,710.0,PUT,3,2573.0
2026-09-28,712.5,CALL,3,55.0
2026-09-28,712.5,PUT,3,158.0
2026-09-28,715.0,CALL,3,62.0
2026-09-28,715.0,PUT,3,563.0
2026-09-28,717.5,CALL,3,50.0
2026-09-28,717.5,PUT,3,228.0
2026-09-28,720.0,CALL,3,154.0
2026-09-28,720.0,PUT,3,469.0
2026-09-28,722.5,CALL,3,44.0
2026-09-28,722.5,PUT,3,674.0
2026-09-28,725.0,CALL,3,307.0
2026-09-28,725.0,PUT,3,1117.0
2026-09-28,727.5,CALL,3,87.0
2026-09-28,727.5,PUT,3,550.0
2026-09-28,730.0,CALL,3,142.0
2026-09-28,730.0,PUT,3,945.0
2026-09-28,732.5,CALL,3,44.0
2026-09-28,732.5,PUT,3,182.0
2026-09-28,735.0,CALL,3,90.0
2026-09-28,735.0,PUT,3,397.0
2026-09-28,737.5,CALL,3,355.0
2026-09-28,737.5,PUT,3,245.0
2026-09-28,740.0,CALL,3,222.0
2026-09-28,740.0,PUT,3,636.0
2026-09-28,742.5,CALL,3,232.0
2026-09-28,742.5,PUT,3,289.0
2026-09-28,745.0,CALL,3,203.0
2026-09-28,745.0,PUT,3,498.0
2026-09-28,747.5,CALL,3,563.0
2026-09-28,747.5,PUT,3,620.0
2026-09-28,750.0,CALL,3,1064.0
2026-09-28,750.0,PUT,3,1231.0
2026-09-28,755.0,CALL,3,577.0
2026-09-28,755.0,PUT,3,684.0
2026-09-28,760.0,CALL,3,1065.0
2026-09-28,760.0,PUT,3,1272.0
2026-09-28,765.0,CALL,3,1069.0
2026-09-28,765.0,PUT,3,496.0
2026-09-28,770.0,CALL,3,1346.0
2026-09-28,770.0,PUT,3,721.0
2026-09-28,775.0,CALL,3,917.0
2026-09-28,775.0,PUT,3,352.0
2026-09-28,780.0,CALL,3,1675.0
2026-09-28,780.0,PUT,3,195.0
2026-09-28,785.0,CALL,3,669.0
2026-09-28,785.0,PUT,3,42.0
2026-09-28,790.0,CALL,3,613.0
2026-09-28,790.0,PUT,3,22.0
2026-09-28,795.0,CALL,3,468.0
2026-09-28,795.0,PUT,3,71.0
2026-09-28,800.0,CALL,3,4489.0
2026-09-28,800.0,PUT,3,24.0
2026-09-28,805.0,CALL,3,434.0
2026-09-28,810.0,CALL,3,309.0
2026-09-28,810.0,PUT,3,4.0
2026-09-28,815.0,CALL,3,614.0
2026-09-28,820.0,CALL,3,1009.0
2026-09-28,820.0,PUT,3,37.0
2026-09-28,825.0,CALL,3,300.0
2026-09-28,830.0,CALL,3,357.0
2026-09-28,830.0,PUT,3,13.0
2026-09-28,835.0,CALL,3,623.0
2026-09-28,840.0,CALL,3,561.0
2026-09-28,840.0,PUT,3,29.0
2026-09-28,845.0,CALL,3,542.0
2026-09-28,850.0,CALL,3,813.0
2026-09-28,850.0,PUT,3,2.0
2026-09-28,855.0,CALL,3,173.0
2026-09-28,860.0,CALL,3,128.0
2026-09-28,865.0,CALL,3,486.0
2026-09-28,870.0,CALL,3,70.0
2026-09-28,875.0,CALL,3,61.0
2026-09-28,880.0,CALL,3,384.0
2026-09-28,885.0,CALL,3,147.0
2026-09-28,890.0,CALL,3,90.0
2026-09-28,895.0,CALL,3,119.0
2026-09-28,900.0,CALL,3,502.0
2026-09-28,905.0,CALL,3,11.0
2026-09-28,910.0,CALL,3,4.0
2026-09-28,920.0,CALL,3,7.0
2026-09-28,925.0,CALL,3,5.0
2026-09-28,930.0,CALL,3,3.0
2026-09-28,940.0,CALL,3,184.0
2026-09-28,945.0,PUT,3,0.0
2026-09-28,950.0,CALL,3,68.0
2026-09-28,955.0,CALL,3,18.0
2026-09-28,955.0,PUT,3,0.0
2026-09-28,960.0,CALL,3,78.0
2026-09-28,965.0,CALL,3,26.0
2026-09-28,970.0,CALL,3,54.0
2026-09-28,975.0,CALL,3,15.0
2026-09-28,980.0,CALL,3,8.0
2026-09-28,985.0,CALL,3,4.0
2026-09-28,985.0,PUT,3,0.0
2026-09-28,990.0,CALL,3,3.0
2026-09-28,1000.0,CALL,3,2.0
2026-09-28,1030.0,PUT,3,0.0
2026-09-28,1490.0,CALL,3,12.0
2026-09-30,510.0,PUT,5,52.0
2026-09-30,515.0,PUT,5,1.0
2026-09-30,520.0,PUT,5,2.0
2026-09-30,525.0,PUT,5,9.0
2026-09-30,530.0,PUT,5,55.0
2026-09-30,535.0,PUT,5,2.0
2026-09-30,540.0,PUT,5,7.0
2026-09-30,550.0,PUT,5,238.0
2026-09-30,555.0,PUT,5,24.0
2026-09-30,560.0,PUT,5,422.0
2026-09-30,565.0,CALL,5,1.0
2026-09-30,565.0,PUT,5,9.0
2026-09-30,570.0,CALL,5,4.0
2026-09-30,570.0,PUT,5,216.0
2026-09-30,575.0,CALL,5,5.0
2026-09-30,575.0,PUT,5,46.0
2026-09-30,577.5,CALL,5,3.0
2026-09-30,577.5,PUT,5,824.0
2026-09-30,580.0,CALL,5,3.0
2026-09-30,580.0,PUT,5,676.0
2026-09-30,582.5,CALL,5,6.0
2026-09-30,582.5,PUT,5,216.0
2026-09-30,585.0,CALL,5,1.0
2026-09-30,585.0,PUT,5,10.0
2026-09-30,587.5,CALL,5,2.0
2026-09-30,590.0,CALL,5,3.0
2026-09-30,590.0,PUT,5,3.0
2026-09-30,592.5,PUT,5,6.0
2026-09-30,595.0,CALL,5,1.0
2026-09-30,595.0,PUT,5,56.0
2026-09-30,597.5,PUT,5,15.0
2026-09-30,600.0,PUT,5,230.0
2026-09-30,602.5,CALL,5,1.0
2026-09-30,602.5,PUT,5,15.0
2026-09-30,605.0,CALL,5,9.0
2026-09-30,605.0,PUT,5,31.0
2026-09-30,607.5,CALL,5,4.0
2026-09-30,607.5,PUT,5,75.0
2026-09-30,610.0,CALL,5,5.0
2026-09-30,610.0,PUT,5,117.0
2026-09-30,612.5,CALL,5,3.0
2026-09-30,612.5,PUT,5,11.0
2026-09-30,615.0,CALL,5,7.0
2026-09-30,615.0,PUT,5,44.0
2026-09-30,617.5,CALL,5,7.0
2026-09-30,617.5,PUT,5,16.0
2026-09-30,620.0,CALL,5,8.0
2026-09-30,620.0,PUT,5,46.0
2026-09-30,622.5,CALL,5,3.0
2026-09-30,622.5,PUT,5,28.0
2026-09-30,625.0,CALL,5,6.0
2026-09-30,625.0,PUT,5,271.0
2026-09-30,627.5,CALL,5,1.0
2026-09-30,627.5,PUT,5,16.0
2026-09-30,630.0,CALL,5,12.0
2026-09-30,630.0,PUT,5,45.0
2026-09-30,632.5,CALL,5,5.0
2026-09-30,632.5,PUT,5,26.0
2026-09-30,635.0,CALL,5,14.0
2026-09-30,635.0,PUT,5,31.0
2026-09-30,637.5,CALL,5,5.0
2026-09-30,637.5,PUT,5,65.0
2026-09-30,640.0,CALL,5,12.0
2026-09-30,640.0,PUT,5,109.0
2026-09-30,642.5,CALL,5,25.0
2026-09-30,642.5,PUT,5,8.0
2026-09-30,645.0,CALL,5,33.0
2026-09-30,645.0,PUT,5,157.0
2026-09-30,647.5,CALL,5,1.0
2026-09-30,647.5,PUT,5,54.0
2026-09-30,650.0,CALL,5,32.0
2026-09-30,650.0,PUT,5,655.0
2026-09-30,652.5,CALL,5,3.0
2026-09-30,652.5,PUT,5,10.0
2026-09-30,655.0,CALL,5,46.0
2026-09-30,655.0,PUT,5,88.0
2026-09-30,657.5,PUT,5,283.0
2026-09-30,660.0,CALL,5,7.0
2026-09-30,660.0,PUT,5,53.0
2026-09-30,662.5,CALL,5,3.0
2026-09-30,662.5,PUT,5,20.0
2026-09-30,665.0,CALL,5,29.0
2026-09-30,665.0,PUT,5,69.0
2026-09-30,667.5,CALL,5,3.0
2026-09-30,667.5,PUT,5,59.0
2026-09-30,670.0,CALL,5,146.0
2026-09-30,670.0,PUT,5,524.0
2026-09-30,672.5,CALL,5,78.0
2026-09-30,672.5,PUT,5,56.0
2026-09-30,675.0,CALL,5,85.0
2026-09-30,675.0,PUT,5,788.0
2026-09-30,677.5,CALL,5,48.0
2026-09-30,677.5,PUT,5,284.0
2026-09-30,680.0,CALL,5,136.0
2026-09-30,680.0,PUT,5,602.0
2026-09-30,682.5,CALL,5,29.0
2026-09-30,682.5,PUT,5,52.0
2026-09-30,685.0,CALL,5,70.0
2026-09-30,685.0,PUT,5,768.0
2026-09-30,687.5,CALL,5,11.0
2026-09-30,687.5,PUT,5,85.0
2026-09-30,690.0,CALL,5,147.0
2026-09-30,690.0,PUT,5,172.0
2026-09-30,692.5,CALL,5,13.0
2026-09-30,692.5,PUT,5,122.0
2026-09-30,695.0,CALL,5,72.0
2026-09-30,695.0,PUT,5,126.0
2026-09-30,697.5,CALL,5,8.0
2026-09-30,697.5,PUT,5,105.0
2026-09-30,700.0,CALL,5,247.0
2026-09-30,700.0,PUT,5,2925.0
2026-09-30,702.5,CALL,5,23.0
2026-09-30,702.5,PUT,5,83.0
2026-09-30,705.0,CALL,5,93.0
2026-09-30,705.0,PUT,5,2892.0
2026-09-30,707.5,CALL,5,28.0
2026-09-30,707.5,PUT,5,141.0
2026-09-30,710.0,CALL,5,70.0
2026-09-30,710.0,PUT,5,171.0
2026-09-30,712.5,CALL,5,16.0
2026-09-30,712.5,PUT,5,93.0
2026-09-30,715.0,CALL,5,54.0
2026-09-30,715.0,PUT,5,250.0
2026-09-30,717.5,CALL,5,20.0
2026-09-30,717.5,PUT,5,80.0
2026-09-30,720.0,CALL,5,160.0
2026-09-30,720.0,PUT,5,1445.0
2026-09-30,722.5,CALL,5,66.0
2026-09-30,722.5,PUT,5,73.0
2026-09-30,725.0,CALL,5,121.0
2026-09-30,725.0,PUT,5,223.0
2026-09-30,727.5,CALL,5,30.0
2026-09-30,727.5,PUT,5,73.0
2026-09-30,730.0,CALL,5,173.0
2026-09-30,730.0,PUT,5,354.0
2026-09-30,732.5,CALL,5,74.0
2026-09-30,732.5,PUT,5,150.0
2026-09-30,735.0,CALL,5,112.0
2026-09-30,735.0,PUT,5,196.0
2026-09-30,737.5,CALL,5,33.0
2026-09-30,737.5,PUT,5,265.0
2026-09-30,740.0,CALL,5,223.0
2026-09-30,740.0,PUT,5,2252.0
2026-09-30,742.5,CALL,5,71.0
2026-09-30,742.5,PUT,5,547.0
2026-09-30,745.0,CALL,5,229.0
2026-09-30,745.0,PUT,5,437.0
2026-09-30,747.5,CALL,5,157.0
2026-09-30,747.5,PUT,5,207.0
2026-09-30,750.0,CALL,5,1843.0
2026-09-30,750.0,PUT,5,348.0
2026-09-30,755.0,CALL,5,218.0
2026-09-30,755.0,PUT,5,316.0
2026-09-30,760.0,CALL,5,306.0
2026-09-30,760.0,PUT,5,367.0
2026-09-30,765.0,CALL,5,305.0
2026-09-30,765.0,PUT,5,463.0
2026-09-30,770.0,CALL,5,838.0
2026-09-30,770.0,PUT,5,1041.0
2026-09-30,775.0,CALL,5,270.0
2026-09-30,775.0,PUT,5,244.0
2026-09-30,780.0,CALL,5,389.0
2026-09-30,780.0,PUT,5,181.0
2026-09-30,785.0,CALL,5,384.0
2026-09-30,785.0,PUT,5,34.0
2026-09-30,790.0,CALL,5,306.0
2026-09-30,790.0,PUT,5,111.0
2026-09-30,795.0,CALL,5,196.0
2026-09-30,800.0,CALL,5,7495.0
2026-09-30,800.0,PUT,5,20.0
2026-09-30,805.0,CALL,5,368.0
2026-09-30,810.0,CALL,5,336.0
2026-09-30,810.0,PUT,5,3.0
2026-09-30,815.0,CALL,5,81.0
2026-09-30,820.0,CALL,5,434.0
2026-09-30,825.0,CALL,5,510.0
2026-09-30,830.0,CALL,5,262.0
2026-09-30,835.0,CALL,5,453.0
2026-09-30,840.0,CALL,5,405.0
2026-09-30,845.0,CALL,5,78.0
2026-09-30,845.0,PUT,5,16.0
2026-09-30,850.0,CALL,5,1314.0
2026-09-30,855.0,CALL,5,178.0
2026-09-30,860.0,CALL,5,130.0
2026-09-30,865.0,CALL,5,86.0
2026-09-30,870.0,CALL,5,134.0
2026-09-30,875.0,CALL,5,109.0
2026-09-30,880.0,CALL,5,140.0
2026-09-30,885.0,CALL,5,53.0
2026-09-30,890.0,CALL,5,52.0
2026-09-30,895.0,CALL,5,10.0
2026-09-30,900.0,CALL,5,199.0
2026-09-30,905.0,CALL,5,28.0
2026-09-30,910.0,CALL,5,53.0
2026-09-30,915.0,CALL,5,10.0
2026-09-30,920.0,CALL,5,70.0
2026-09-30,925.0,CALL,5,11.0
2026-09-30,930.0,CALL,5,39.0
2026-09-30,935.0,CALL,5,15.0
2026-09-30,945.0,CALL,5,4.0
2026-09-30,950.0,CALL,5,13.0
2026-09-30,955.0,CALL,5,6.0
2026-09-30,960.0,CALL,5,113.0
2026-09-30,965.0,CALL,5,7.0
2026-09-30,970.0,CALL,5,2.0
2026-09-30,975.0,CALL,5,6.0
2026-09-30,980.0,CALL,5,9.0
2026-09-30,985.0,CALL,5,32.0
2026-09-30,990.0,CALL,5,13.0
2026-09-30,1000.0,CALL,5,139.0
2026-09-30,1010.0,CALL,5,15.0
2026-09-30,1020.0,CALL,5,20.0
2026-09-30,1030.0,CALL,5,38.0
2026-09-30,1040.0,CALL,5,16.0
2026-09-30,1050.0,CALL,5,20.0
2026-09-30,1060.0,CALL,5,30.0
2026-09-30,1490.0,CALL,5,20.0
2026-10-02,100.0,CALL,7,0.0
2026-10-02,130.0,PUT,7,11.0
2026-10-02,150.0,PUT,7,1053.0
2026-10-02,200.0,PUT,7,34.0
2026-10-02,220.0,CALL,7,2.0
2026-10-02,240.0,CALL,7,1.0
2026-10-02,260.0,CALL,7,0.0
2026-10-02,270.0,PUT,7,2.0
2026-10-02,280.0,PUT,7,1.0
2026-10-02,290.0,CALL,7,3.0
2026-10-02,300.0,CALL,7,3.0
2026-10-02,300.0,PUT,7,0.0
2026-10-02,310.0,PUT,7,5.0
2026-10-02,320.0,PUT,7,0.0
2026-10-02,330.0,PUT,7,13.0
2026-10-02,340.0,PUT,7,6.0
2026-10-02,350.0,PUT,7,263.0
2026-10-02,360.0,PUT,7,85.0
2026-10-02,370.0,PUT,7,17.0
2026-10-02,380.0,PUT,7,45.0
2026-10-02,390.0,PUT,7,10.0
2026-10-02,400.0,CALL,7,3.0
2026-10-02,400.0,PUT,7,192.0
2026-10-02,405.0,PUT,7,25.0
2026-10-02,410.0,PUT,7,35.0
2026-10-02,415.0,CALL,7,1.0
2026-10-02,415.0,PUT,7,121.0
2026-10-02,420.0,PUT,7,13.0
2026-10-02,425.0,PUT,7,35.0
2026-10-02,430.0,PUT,7,57.0
2026-10-02,435.0,CALL,7,1.0
2026-10-02,435.0,PUT,7,38.0
2026-10-02,440.0,PUT,7,283.0
2026-10-02,445.0,PUT,7,48.0
2026-10-02,450.0,PUT,7,85.0
2026-10-02,455.0,PUT,7,392.0
2026-10-02,460.0,PUT,7,237.0
2026-10-02,465.0,PUT,7,280.0
2026-10-02,470.0,CALL,7,1.0
2026-10-02,470.0,PUT,7,268.0
2026-10-02,475.0,CALL,7,1.0
2026-10-02,475.0,PUT,7,427.0
2026-10-02,480.0,CALL,7,2.0
2026-10-02,480.0,PUT,7,230.0
2026-10-02,485.0,CALL,7,1.0
2026-10-02,485.0,PUT,7,146.0
2026-10-02,490.0,CALL,7,13.0
2026-10-02,490.0,PUT,7,415.0
2026-10-02,495.0,CALL,7,42.0
2026-10-02,495.0,PUT,7,206.0
2026-10-02,500.0,CALL,7,38.0
2026-10-02,500.0,PUT,7,634.0
2026-10-02,505.0,CALL,7,13.0
2026-10-02,505.0,PUT,7,369.0
2026-10-02,510.0,CALL,7,12.0
2026-10-02,510.0,PUT,7,316.0
2026-10-02,515.0,CALL,7,7.0
2026-10-02,515.0,PUT,7,1944.0
2026-10-02,520.0,CALL,7,59.0
2026-10-02,520.0,PUT,7,355.0
2026-10-02,525.0,CALL,7,15.0
2026-10-02,525.0,PUT,7,410.0
2026-10-02,530.0,CALL,7,62.0
2026-10-02,530.0,PUT,7,543.0
2026-10-02,535.0,CALL,7,15.0
2026-10-02,535.0,PUT,7,238.0
2026-10-02,540.0,CALL,7,79.0
2026-10-02,540.0,PUT,7,2060.0
2026-10-02,545.0,CALL,7,39.0
2026-10-02,545.0,PUT,7,495.0
2026-10-02,550.0,CALL,7,158.0
2026-10-02,550.0,PUT,7,534.0
2026-10-02,555.0,CALL,7,137.0
2026-10-02,555.0,PUT,7,296.0
2026-10-02,560.0,CALL,7,84.0
2026-10-02,560.0,PUT,7,868.0
2026-10-02,565.0,CALL,7,270.0
2026-10-02,565.0,PUT,7,242.0
2026-10-02,570.0,CALL,7,356.0
2026-10-02,570.0,PUT,7,378.0
2026-10-02,572.5,CALL,7,2.0
2026-10-02,572.5,PUT,7,24.0
2026-10-02,575.0,CALL,7,191.0
2026-10-02,575.0,PUT,7,238.0
2026-10-02,577.5,CALL,7,1.0
2026-10-02,580.0,CALL,7,234.0
2026-10-02,580.0,PUT,7,514.0
2026-10-02,582.5,PUT,7,20.0
2026-10-02,585.0,CALL,7,145.0
2026-10-02,585.0,PUT,7,444.0
2026-10-02,587.5,PUT,7,23.0
2026-10-02,590.0,CALL,7,261.0
2026-10-02,590.0,PUT,7,449.0
2026-10-02,592.5,CALL,7,1.0
2026-10-02,592.5,PUT,7,6.0
2026-10-02,595.0,CALL,7,789.0
2026-10-02,595.0,PUT,7,196.0
2026-10-02,597.5,CALL,7,3.0
2026-10-02,597.5,PUT,7,4.0
2026-10-02,600.0,CALL,7,497.0
2026-10-02,600.0,PUT,7,2819.0
2026-10-02,602.5,CALL,7,3.0
2026-10-02,602.5,PUT,7,47.0
2026-10-02,605.0,CALL,7,366.0
2026-10-02,605.0,PUT,7,1514.0
2026-10-02,607.5,CALL,7,20.0
2026-10-02,607.5,PUT,7,97.0
2026-10-02,610.0,CALL,7,197.0
2026-10-02,610.0,PUT,7,248.0
2026-10-02,612.5,CALL,7,29.0
2026-10-02,612.5,PUT,7,35.0
2026-10-02,615.0,CALL,7,1188.0
2026-10-02,615.0,PUT,7,895.0
2026-10-02,617.5,CALL,7,27.0
2026-10-02,617.5,PUT,7,15.0
2026-10-02,620.0,CALL,7,426.0
2026-10-02,620.0,PUT,7,909.0
2026-10-02,622.5,CALL,7,8.0
2026-10-02,622.5,PUT,7,10.0
2026-10-02,625.0,CALL,7,211.0
2026-10-02,625.0,PUT,7,506.0
2026-10-02,627.5,CALL,7,5.0
2026-10-02,627.5,PUT,7,52.0
2026-10-02,630.0,CALL,7,476.0
2026-10-02,630.0,PUT,7,2168.0
2026-10-02,632.5,CALL,7,14.0
2026-10-02,632.5,PUT,7,141.0
2026-10-02,635.0,CALL,7,205.0
2026-10-02,635.0,PUT,7,659.0
2026-10-02,637.5,CALL,7,18.0
2026-10-02,637.5,PUT,7,86.0
2026-10-02,640.0,CALL,7,513.0
2026-10-02,640.0,PUT,7,535.0
2026-10-02,642.5,CALL,7,6.0
2026-10-02,642.5,PUT,7,114.0
2026-10-02,645.0,CALL,7,435.0
2026-10-02,645.0,PUT,7,387.0
2026-10-02,647.5,CALL,7,54.0
2026-10-02,647.5,PUT,7,86.0
2026-10-02,650.0,CALL,7,1464.0
2026-10-02,650.0,PUT,7,1591.0
2026-10-02,652.5,CALL,7,14.0
2026-10-02,652.5,PUT,7,1907.0
2026-10-02,655.0,CALL,7,851.0
2026-10-02,655.0,PUT,7,2048.0
2026-10-02,657.5,CALL,7,17.0
2026-10-02,657.5,PUT,7,67.0
2026-10-02,660.0,CALL,7,1055.0
2026-10-02,660.0,PUT,7,766.0
2026-10-02,662.5,CALL,7,67.0
2026-10-02,662.5,PUT,7,120.0
2026-10-02,665.0,CALL,7,339.0
2026-10-02,665.0,PUT,7,240.0
2026-10-02,667.5,CALL,7,182.0
2026-10-02,667.5,PUT,7,53.0
2026-10-02,670.0,CALL,7,4653.0
2026-10-02,670.0,PUT,7,618.0
2026-10-02,672.5,CALL,7,67.0
2026-10-02,672.5,PUT,7,332.0
2026-10-02,675.0,CALL,7,523.0
2026-10-02,675.0,PUT,7,880.0
2026-10-02,677.5,CALL,7,36.0
2026-10-02,677.5,PUT,7,64.0
2026-10-02,680.0,CALL,7,1006.0
2026-10-02,680.0,PUT,7,954.0
2026-10-02,682.5,CALL,7,50.0
2026-10-02,682.5,PUT,7,24.0
2026-10-02,685.0,CALL,7,326.0
2026-10-02,685.0,PUT,7,444.0
2026-10-02,687.5,CALL,7,16.0
2026-10-02,687.5,PUT,7,432.0
2026-10-02,690.0,CALL,7,580.0
2026-10-02,690.0,PUT,7,662.0
2026-10-02,692.5,CALL,7,1007.0
2026-10-02,692.5,PUT,7,136.0
2026-10-02,695.0,CALL,7,412.0
2026-10-02,695.0,PUT,7,250.0
2026-10-02,697.5,CALL,7,66.0
2026-10-02,697.5,PUT,7,242.0
2026-10-02,700.0,CALL,7,1176.0
2026-10-02,700.0,PUT,7,3433.0
2026-10-02,702.5,CALL,7,29.0
2026-10-02,702.5,PUT,7,144.0
2026-10-02,705.0,CALL,7,280.0
2026-10-02,705.0,PUT,7,276.0
2026-10-02,707.5,CALL,7,28.0
2026-10-02,707.5,PUT,7,184.0
2026-10-02,710.0,CALL,7,360.0
2026-10-02,710.0,PUT,7,630.0
2026-10-02,712.5,CALL,7,140.0
2026-10-02,712.5,PUT,7,165.0
2026-10-02,715.0,CALL,7,911.0
2026-10-02,715.0,PUT,7,663.0
2026-10-02,717.5,CALL,7,76.0
2026-10-02,717.5,PUT,7,89.0
2026-10-02,720.0,CALL,7,2181.0
2026-10-02,720.0,PUT,7,1403.0
2026-10-02,722.5,CALL,7,71.0
2026-10-02,722.5,PUT,7,245.0
2026-10-02,725.0,CALL,7,430.0
2026-10-02,725.0,PUT,7,951.0
2026-10-02,727.5,CALL,7,59.0
2026-10-02,727.5,PUT,7,216.0
2026-10-02,730.0,CALL,7,753.0
2026-10-02,730.0,PUT,7,1686.0
2026-10-02,732.5,CALL,7,1069.0
2026-10-02,732.5,PUT,7,104.0
2026-10-02,735.0,CALL,7,659.0
2026-10-02,735.0,PUT,7,311.0
2026-10-02,737.5,CALL,7,173.0
2026-10-02,737.5,PUT,7,107.0
2026-10-02,740.0,CALL,7,3759.0
2026-10-02,740.0,PUT,7,1614.0
2026-10-02,742.5,CALL,7,112.0
2026-10-02,742.5,PUT,7,127.0
2026-10-02,745.0,CALL,7,1922.0
2026-10-02,745.0,PUT,7,617.0
2026-10-02,747.5,CALL,7,204.0
2026-10-02,747.5,PUT,7,436.0
2026-10-02,750.0,CALL,7,2863.0
2026-10-02,750.0,PUT,7,1408.0
2026-10-02,755.0,CALL,7,1059.0
2026-10-02,755.0,PUT,7,586.0
2026-10-02,760.0,CALL,7,641.0
2026-10-02,760.0,PUT,7,1882.0
2026-10-02,765.0,CALL,7,761.0
2026-10-02,765.0,PUT,7,398.0
2026-10-02,770.0,CALL,7,1697.0
2026-10-02,770.0,PUT,7,532.0
2026-10-02,775.0,CALL,7,699.0
2026-10-02,775.0,PUT,7,166.0
2026-10-02,780.0,CALL,7,960.0
2026-10-02,780.0,PUT,7,134.0
2026-10-02,785.0,CALL,7,350.0
2026-10-02,785.0,PUT,7,15.0
2026-10-02,790.0,CALL,7,1070.0
2026-10-02,790.0,PUT,7,148.0
2026-10-02,795.0,CALL,7,324.0
2026-10-02,795.0,PUT,7,51.0
2026-10-02,800.0,CALL,7,7554.0
2026-10-02,800.0,PUT,7,86.0
2026-10-02,805.0,CALL,7,959.0
2026-10-02,805.0,PUT,7,19.0
2026-10-02,810.0,CALL,7,1565.0
2026-10-02,810.0,PUT,7,11.0
2026-10-02,815.0,CALL,7,271.0
2026-10-02,820.0,CALL,7,1994.0
2026-10-02,820.0,PUT,7,30.0
2026-10-02,825.0,CALL,7,772.0
2026-10-02,825.0,PUT,7,5.0
2026-10-02,830.0,CALL,7,711.0
2026-10-02,830.0,PUT,7,27.0
2026-10-02,835.0,CALL,7,229.0
2026-10-02,835.0,PUT,7,5.0
2026-10-02,840.0,CALL,7,497.0
2026-10-02,845.0,CALL,7,224.0
2026-10-02,850.0,CALL,7,2655.0
2026-10-02,850.0,PUT,7,20.0
2026-10-02,855.0,CALL,7,237.0
2026-10-02,855.0,PUT,7,15.0
2026-10-02,860.0,CALL,7,445.0
2026-10-02,865.0,CALL,7,502.0
2026-10-02,870.0,CALL,7,890.0
2026-10-02,875.0,CALL,7,144.0
2026-10-02,880.0,CALL,7,337.0
2026-10-02,885.0,CALL,7,100.0
2026-10-02,890.0,CALL,7,215.0
2026-10-02,895.0,CALL,7,78.0
2026-10-02,900.0,CALL,7,3305.0
2026-10-02,905.0,CALL,7,248.0
2026-10-02,910.0,CALL,7,103.0
2026-10-02,915.0,CALL,7,79.0
2026-10-02,920.0,CALL,7,1101.0
2026-10-02,925.0,CALL,7,115.0
2026-10-02,930.0,CALL,7,113.0
2026-10-02,935.0,CALL,7,249.0
2026-10-02,940.0,CALL,7,160.0
2026-10-02,945.0,CALL,7,111.0
2026-10-02,950.0,CALL,7,998.0
2026-10-02,955.0,CALL,7,79.0
2026-10-02,960.0,CALL,7,162.0
2026-10-02,965.0,CALL,7,99.0
2026-10-02,970.0,CALL,7,196.0
2026-10-02,975.0,CALL,7,85.0
2026-10-02,980.0,CALL,7,82.0
2026-10-02,985.0,CALL,7,117.0
2026-10-02,990.0,CALL,7,250.0
2026-10-02,995.0,CALL,7,159.0
2026-10-02,1000.0,CALL,7,461.0
2026-10-02,1010.0,CALL,7,141.0
2026-10-02,1020.0,CALL,7,242.0
2026-10-02,1030.0,CALL,7,171.0
2026-10-02,1040.0,CALL,7,242.0
2026-10-02,1050.0,CALL,7,148.0
2026-10-02,1060.0,CALL,7,56.0
2026-10-02,1070.0,CALL,7,69.0
2026-10-02,1230.0,CALL,7,1.0
2026-10-02,1490.0,CALL,7,20.0
2026-10-05,515.0,PUT,10,9.0
2026-10-05,530.0,PUT,10,11.0
2026-10-05,540.0,PUT,10,6.0
2026-10-05,590.0,PUT,10,8.0
2026-10-05,595.0,PUT,10,1.0
2026-10-05,600.0,PUT,10,8.0
2026-10-05,605.0,PUT,10,2.0
2026-10-05,615.0,PUT,10,3.0
2026-10-05,620.0,PUT,10,6.0
2026-10-05,625.0,PUT,10,2.0
2026-10-05,630.0,PUT,10,19.0
2026-10-05,635.0,CALL,10,2.0
2026-10-05,635.0,PUT,10,8.0
2026-10-05,640.0,PUT,10,36.0
2026-10-05,645.0,CALL,10,2.0
2026-10-05,645.0,PUT,10,7.0
2026-10-05,650.0,CALL,10,3.0
2026-10-05,650.0,PUT,10,40.0
2026-10-05,655.0,PUT,10,9.0
2026-10-05,660.0,CALL,10,1.0
2026-10-05,660.0,PUT,10,27.0
2026-10-05,665.0,PUT,10,10.0
2026-10-05,670.0,CALL,10,4.0
2026-10-05,670.0,PUT,10,35.0
2026-10-05,675.0,CALL,10,1.0
2026-10-05,675.0,PUT,10,72.0
2026-10-05,680.0,CALL,10,6.0
2026-10-05,680.0,PUT,10,42.0
2026-10-05,685.0,CALL,10,5.0
2026-10-05,685.0,PUT,10,42.0
2026-10-05,690.0,CALL,10,6.0
2026-10-05,690.0,PUT,10,128.0
2026-10-05,692.5,PUT,10,21.0
2026-10-05,695.0,CALL,10,4.0
2026-10-05,695.0,PUT,10,82.0
2026-10-05,700.0,CALL,10,38.0
2026-10-05,700.0,PUT,10,424.0
2026-10-05,702.5,PUT,10,50.0
2026-10-05,705.0,CALL,10,2.0
2026-10-05,705.0,PUT,10,57.0
2026-10-05,707.5,PUT,10,52.0
2026-10-05,710.0,CALL,10,41.0
2026-10-05,710.0,PUT,10,100.0
2026-10-05,715.0,CALL,10,5.0
2026-10-05,715.0,PUT,10,47.0
2026-10-05,720.0,CALL,10,1653.0
2026-10-05,720.0,PUT,10,277.0
2026-10-05,725.0,CALL,10,13.0
2026-10-05,725.0,PUT,10,143.0
2026-10-05,727.5,PUT,10,30.0
2026-10-05,730.0,CALL,10,336.0
2026-10-05,730.0,PUT,10,351.0
2026-10-05,732.5,PUT,10,5.0
2026-10-05,735.0,CALL,10,109.0
2026-10-05,735.0,PUT,10,182.0
2026-10-05,737.5,CALL,10,23.0
2026-10-05,737.5,PUT,10,66.0
2026-10-05,740.0,CALL,10,2647.0
2026-10-05,740.0,PUT,10,74.0
2026-10-05,742.5,CALL,10,6.0
2026-10-05,742.5,PUT,10,18.0
2026-10-05,745.0,CALL,10,1643.0
2026-10-05,745.0,PUT,10,115.0
2026-10-05,747.5,CALL,10,86.0
2026-10-05,747.5,PUT,10,192.0
2026-10-05,750.0,CALL,10,215.0
2026-10-05,750.0,PUT,10,158.0
2026-10-05,755.0,CALL,10,47.0
2026-10-05,755.0,PUT,10,55.0
2026-10-05,760.0,CALL,10,94.0
2026-10-05,765.0,CALL,10,130.0
2026-10-05,765.0,PUT,10,276.0
2026-10-05,770.0,CALL,10,121.0
2026-10-05,770.0,PUT,10,60.0
2026-10-05,775.0,CALL,10,87.0
2026-10-05,780.0,CALL,10,76.0
2026-10-05,785.0,CALL,10,41.0
2026-10-05,790.0,CALL,10,32.0
2026-10-05,795.0,CALL,10,13.0
2026-10-05,800.0,CALL,10,239.0
2026-10-05,805.0,CALL,10,30.0
2026-10-05,805.0,PUT,10,11.0
2026-10-05,815.0,CALL,10,24.0
2026-10-05,825.0,CALL,10,15.0
2026-10-05,830.0,CALL,10,15.0
2026-10-05,835.0,CALL,10,18.0
2026-10-05,840.0,CALL,10,27.0
2026-10-05,845.0,CALL,10,40.0
2026-10-05,850.0,CALL,10,70.0
2026-10-05,855.0,CALL,10,18.0
2026-10-05,860.0,CALL,10,13.0
2026-10-05,865.0,CALL,10,26.0
2026-10-05,870.0,CALL,10,50.0
2026-10-05,880.0,CALL,10,30.0
2026-10-05,895.0,CALL,10,16.0
2026-10-05,900.0,CALL,10,48.0
2026-10-05,910.0,CALL,10,88.0
2026-10-05,920.0,CALL,10,11.0
2026-10-05,925.0,CALL,10,12.0
2026-10-05,930.0,CALL,10,11.0
2026-10-05,1000.0,CALL,10,68.0
2026-10-09,100.0,PUT,14,1.0
2026-10-09,240.0,CALL,14,7.0
2026-10-09,260.0,PUT,14,17.0
2026-10-09,270.0,PUT,14,3.0
2026-10-09,280.0,PUT,14,3.0
2026-10-09,290.0,PUT,14,0.0
2026-10-09,300.0,PUT,14,6.0
2026-10-09,320.0,PUT,14,1.0
2026-10-09,330.0,PUT,14,1.0
2026-10-09,340.0,PUT,14,7.0
2026-10-09,350.0,PUT,14,13.0
2026-10-09,360.0,PUT,14,9.0
2026-10-09,370.0,PUT,14,24.0
2026-10-09,380.0,PUT,14,7.0
2026-10-09,390.0,PUT,14,6.0
2026-10-09,400.0,CALL,14,2.0
2026-10-09,400.0,PUT,14,20.0
2026-10-09,405.0,PUT,14,12.0
2026-10-09,410.0,PUT,14,11.0
2026-10-09,415.0,PUT,14,13.0
2026-10-09,420.0,PUT,14,9.0
2026-10-09,425.0,PUT,14,15.0
2026-10-09,430.0,PUT,14,17.0
2026-10-09,435.0,CALL,14,0.0
2026-10-09,435.0,PUT,14,108.0
2026-10-09,440.0,PUT,14,53.0
2026-10-09,445.0,PUT,14,34.0
2026-10-09,450.0,PUT,14,15.0
2026-10-09,455.0,PUT,14,7.0
2026-10-09,460.0,PUT,14,23.0
2026-10-09,465.0,PUT,14,110.0
2026-10-09,470.0,PUT,14,38.0
2026-10-09,475.0,PUT,14,29.0
2026-10-09,480.0,PUT,14,301.0
2026-10-09,485.0,PUT,14,264.0
2026-10-09,490.0,CALL,14,2.0
2026-10-09,490.0,PUT,14,292.0
2026-10-09,495.0,PUT,14,47.0
2026-10-09,500.0,CALL,14,3.0
2026-10-09,500.0,PUT,14,1422.0
2026-10-09,505.0,PUT,14,61.0
2026-10-09,510.0,CALL,14,1.0
2026-10-09,510.0,PUT,14,159.0
2026-10-09,515.0,PUT,14,1152.0
2026-10-09,520.0,CALL,14,1.0
2026-10-09,520.0,PUT,14,89.0
2026-10-09,525.0,CALL,14,5.0
2026-10-09,525.0,PUT,14,84.0
2026-10-09,530.0,CALL,14,1.0
2026-10-09,530.0,PUT,14,103.0
2026-10-09,535.0,CALL,14,2.0
2026-10-09,535.0,PUT,14,73.0
2026-10-09,540.0,CALL,14,2.0
2026-10-09,540.0,PUT,14,139.0
2026-10-09,545.0,CALL,14,13.0
2026-10-09,545.0,PUT,14,212.0
2026-10-09,550.0,CALL,14,22.0
2026-10-09,550.0,PUT,14,338.0
2026-10-09,555.0,CALL,14,85.0
2026-10-09,555.0,PUT,14,57.0
2026-10-09,560.0,CALL,14,21.0
2026-10-09,560.0,PUT,14,85.0
2026-10-09,565.0,CALL,14,29.0
2026-10-09,565.0,PUT,14,3645.0
2026-10-09,570.0,CALL,14,76.0
2026-10-09,570.0,PUT,14,197.0
2026-10-09,575.0,CALL,14,97.0
2026-10-09,575.0,PUT,14,93.0
2026-10-09,580.0,CALL,14,73.0
2026-10-09,580.0,PUT,14,240.0
2026-10-09,585.0,CALL,14,81.0
2026-10-09,585.0,PUT,14,132.0
2026-10-09,590.0,CALL,14,33.0
2026-10-09,590.0,PUT,14,192.0
2026-10-09,595.0,CALL,14,25.0
2026-10-09,595.0,PUT,14,382.0
2026-10-09,600.0,CALL,14,43.0
2026-10-09,600.0,PUT,14,552.0
2026-10-09,605.0,CALL,14,89.0
2026-10-09,605.0,PUT,14,354.0
2026-10-09,610.0,CALL,14,111.0
2026-10-09,610.0,PUT,14,163.0
2026-10-09,615.0,CALL,14,338.0
2026-10-09,615.0,PUT,14,108.0
2026-10-09,620.0,CALL,14,121.0
2026-10-09,620.0,PUT,14,197.0
2026-10-09,625.0,CALL,14,48.0
2026-10-09,625.0,PUT,14,446.0
2026-10-09,630.0,CALL,14,265.0
2026-10-09,630.0,PUT,14,163.0
2026-10-09,635.0,CALL,14,65.0
2026-10-09,635.0,PUT,14,242.0
2026-10-09,640.0,CALL,14,210.0
2026-10-09,640.0,PUT,14,335.0
2026-10-09,645.0,CALL,14,128.0
2026-10-09,645.0,PUT,14,332.0
2026-10-09,650.0,CALL,14,238.0
2026-10-09,650.0,PUT,14,352.0
2026-10-09,655.0,CALL,14,137.0
2026-10-09,655.0,PUT,14,193.0
2026-10-09,657.5,CALL,14,3.0
2026-10-09,657.5,PUT,14,18.0
2026-10-09,660.0,CALL,14,349.0
2026-10-09,660.0,PUT,14,162.0
2026-10-09,662.5,CALL,14,7.0
2026-10-09,662.5,PUT,14,25.0
2026-10-09,665.0,CALL,14,745.0
2026-10-09,665.0,PUT,14,212.0
2026-10-09,667.5,PUT,14,7.0
2026-10-09,670.0,CALL,14,446.0
2026-10-09,670.0,PUT,14,224.0
2026-10-09,672.5,CALL,14,15.0
2026-10-09,672.5,PUT,14,46.0
2026-10-09,675.0,CALL,14,318.0
2026-10-09,675.0,PUT,14,205.0
2026-10-09,677.5,CALL,14,8.0
2026-10-09,677.5,PUT,14,11.0
2026-10-09,680.0,CALL,14,276.0
2026-10-09,680.0,PUT,14,210.0
2026-10-09,682.5,CALL,14,21.0
2026-10-09,682.5,PUT,14,25.0
2026-10-09,685.0,CALL,14,413.0
2026-10-09,685.0,PUT,14,98.0
2026-10-09,687.5,CALL,14,9.0
2026-10-09,687.5,PUT,14,120.0
2026-10-09,690.0,CALL,14,211.0
2026-10-09,690.0,PUT,14,269.0
2026-10-09,692.5,CALL,14,7.0
2026-10-09,692.5,PUT,14,27.0
2026-10-09,695.0,CALL,14,192.0
2026-10-09,695.0,PUT,14,82.0
2026-10-09,697.5,CALL,14,15.0
2026-10-09,697.5,PUT,14,100.0
2026-10-09,700.0,CALL,14,622.0
2026-10-09,700.0,PUT,14,820.0
2026-10-09,702.5,CALL,14,46.0
2026-10-09,702.5,PUT,14,303.0
2026-10-09,705.0,CALL,14,144.0
2026-10-09,705.0,PUT,14,201.0
2026-10-09,710.0,CALL,14,263.0
2026-10-09,710.0,PUT,14,410.0
2026-10-09,715.0,CALL,14,383.0
2026-10-09,715.0,PUT,14,161.0
2026-10-09,720.0,CALL,14,458.0
2026-10-09,720.0,PUT,14,277.0
2026-10-09,725.0,CALL,14,328.0
2026-10-09,725.0,PUT,14,131.0
2026-10-09,730.0,CALL,14,313.0
2026-10-09,730.0,PUT,14,319.0
2026-10-09,735.0,CALL,14,174.0
2026-10-09,735.0,PUT,14,89.0
2026-10-09,740.0,CALL,14,442.0
2026-10-09,740.0,PUT,14,405.0
2026-10-09,745.0,CALL,14,157.0
2026-10-09,745.0,PUT,14,118.0
2026-10-09,750.0,CALL,14,2324.0
2026-10-09,750.0,PUT,14,472.0
2026-10-09,755.0,CALL,14,787.0
2026-10-09,755.0,PUT,14,1298.0
2026-10-09,760.0,CALL,14,453.0
2026-10-09,760.0,PUT,14,209.0
2026-10-09,765.0,CALL,14,426.0
2026-10-09,765.0,PUT,14,186.0
2026-10-09,770.0,CALL,14,531.0
2026-10-09,770.0,PUT,14,147.0
2026-10-09,775.0,CALL,14,270.0
2026-10-09,775.0,PUT,14,140.0
2026-10-09,780.0,CALL,14,631.0
2026-10-09,780.0,PUT,14,113.0
2026-10-09,785.0,CALL,14,389.0
2026-10-09,785.0,PUT,14,13.0
2026-10-09,790.0,CALL,14,266.0
2026-10-09,790.0,PUT,14,10.0
2026-10-09,795.0,CALL,14,259.0
2026-10-09,795.0,PUT,14,10.0
2026-10-09,800.0,CALL,14,775.0
2026-10-09,800.0,PUT,14,13.0
2026-10-09,805.0,CALL,14,184.0
2026-10-09,805.0,PUT,14,22.0
2026-10-09,810.0,CALL,14,244.0
2026-10-09,810.0,PUT,14,2.0
2026-10-09,815.0,CALL,14,100.0
2026-10-09,815.0,PUT,14,1.0
2026-10-09,820.0,CALL,14,283.0
2026-10-09,820.0,PUT,14,6.0
2026-10-09,825.0,CALL,14,160.0
2026-10-09,830.0,CALL,14,88.0
2026-10-09,830.0,PUT,14,2.0
2026-10-09,835.0,CALL,14,174.0
2026-10-09,840.0,CALL,14,708.0
2026-10-09,845.0,CALL,14,230.0
2026-10-09,850.0,CALL,14,336.0
2026-10-09,855.0,CALL,14,82.0
2026-10-09,855.0,PUT,14,1.0
2026-10-09,860.0,CALL,14,103.0
2026-10-09,865.0,CALL,14,98.0
2026-10-09,870.0,CALL,14,117.0
2026-10-09,875.0,CALL,14,42.0
2026-10-09,880.0,CALL,14,498.0
2026-10-09,885.0,CALL,14,39.0
2026-10-09,890.0,CALL,14,73.0
2026-10-09,890.0,PUT,14,1.0
2026-10-09,895.0,CALL,14,104.0
2026-10-09,900.0,CALL,14,1001.0
2026-10-09,905.0,CALL,14,43.0
2026-10-09,910.0,CALL,14,167.0
2026-10-09,915.0,CALL,14,154.0
2026-10-09,920.0,CALL,14,57.0
2026-10-09,925.0,CALL,14,131.0
2026-10-09,930.0,CALL,14,46.0
2026-10-09,935.0,CALL,14,159.0
2026-10-09,940.0,CALL,14,36.0
2026-10-09,945.0,CALL,14,32.0
2026-10-09,950.0,CALL,14,180.0
2026-10-09,955.0,CALL,14,121.0
2026-10-09,960.0,CALL,14,350.0
2026-10-09,965.0,CALL,14,75.0
2026-10-09,970.0,CALL,14,51.0
2026-10-09,975.0,CALL,14,39.0
2026-10-09,980.0,CALL,14,35.0
2026-10-09,985.0,CALL,14,40.0
2026-10-09,990.0,CALL,14,53.0
2026-10-09,995.0,CALL,14,25.0
2026-10-09,1000.0,CALL,14,230.0
2026-10-09,1010.0,CALL,14,115.0
2026-10-09,1020.0,CALL,14,132.0
2026-10-09,1030.0,CALL,14,111.0
2026-10-09,1040.0,CALL,14,131.0
2026-10-09,1050.0,CALL,14,119.0
2026-10-09,1060.0,CALL,14,209.0
2026-10-09,1070.0,CALL,14,199.0
2026-10-16,270.0,CALL,21,1302.0
2026-10-16,270.0,PUT,21,428.0
2026-10-16,280.0,CALL,21,2.0
2026-10-16,280.0,PUT,21,618.0
2026-10-16,290.0,PUT,21,1490.0
2026-10-16,300.0,CALL,21,305.0
2026-10-16,300.0,PUT,21,1680.0
2026-10-16,310.0,CALL,21,2.0
2026-10-16,310.0,PUT,21,963.0
2026-10-16,320.0,CALL,21,8.0
2026-10-16,320.0,PUT,21,270.0
2026-10-16,330.0,CALL,21,0.0
2026-10-16,330.0,PUT,21,827.0
2026-10-16,340.0,CALL,21,1.0
2026-10-16,340.0,PUT,21,369.0
2026-10-16,350.0,CALL,21,10.0
2026-10-16,350.0,PUT,21,541.0
2026-10-16,360.0,CALL,21,0.0
2026-10-16,360.0,PUT,21,301.0
2026-10-16,370.0,CALL,21,0.0
2026-10-16,370.0,PUT,21,269.0
2026-10-16,380.0,CALL,21,16.0
2026-10-16,380.0,PUT,21,292.0
2026-10-16,390.0,CALL,21,3.0
2026-10-16,390.0,PUT,21,448.0
2026-10-16,400.0,CALL,21,18.0
2026-10-16,400.0,PUT,21,1451.0
2026-10-16,405.0,PUT,21,72.0
2026-10-16,410.0,CALL,21,15.0
2026-10-16,410.0,PUT,21,1179.0
2026-10-16,415.0,CALL,21,7.0
2026-10-16,415.0,PUT,21,232.0
2026-10-16,420.0,CALL,21,0.0
2026-10-16,420.0,PUT,21,362.0
2026-10-16,425.0,CALL,21,1.0
2026-10-16,425.0,PUT,21,188.0
2026-10-16,430.0,CALL,21,21.0
2026-10-16,430.0,PUT,21,530.0
2026-10-16,435.0,CALL,21,24.0
2026-10-16,435.0,PUT,21,274.0
2026-10-16,440.0,CALL,21,29.0
2026-10-16,440.0,PUT,21,763.0
2026-10-16,445.0,CALL,21,25.0
2026-10-16,445.0,PUT,21,105.0
2026-10-16,450.0,CALL,21,601.0
2026-10-16,450.0,PUT,21,3135.0
2026-10-16,455.0,CALL,21,34.0
2026-10-16,455.0,PUT,21,659.0
2026-10-16,460.0,CALL,21,20.0
2026-10-16,460.0,PUT,21,1120.0
2026-10-16,465.0,CALL,21,15.0
2026-10-16,465.0,PUT,21,646.0
2026-10-16,470.0,CALL,21,23.0
2026-10-16,470.0,PUT,21,1769.0
2026-10-16,475.0,CALL,21,0.0
2026-10-16,475.0,PUT,21,591.0
2026-10-16,480.0,CALL,21,160.0
2026-10-16,480.0,PUT,21,2640.0
2026-10-16,485.0,CALL,21,27.0
2026-10-16,485.0,PUT,21,1996.0
2026-10-16,490.0,CALL,21,65.0
2026-10-16,490.0,PUT,21,1422.0
2026-10-16,495.0,CALL,21,41.0
2026-10-16,495.0,PUT,21,703.0
2026-10-16,500.0,CALL,21,500.0
2026-10-16,500.0,PUT,21,4548.0
2026-10-16,505.0,CALL,21,30.0
2026-10-16,505.0,PUT,21,922.0
2026-10-16,510.0,CALL,21,50.0
2026-10-16,510.0,PUT,21,1652.0
2026-10-16,515.0,CALL,21,121.0
2026-10-16,515.0,PUT,21,1707.0
2026-10-16,520.0,CALL,21,393.0
2026-10-16,520.0,PUT,21,2159.0
2026-10-16,525.0,CALL,21,164.0
2026-10-16,525.0,PUT,21,1725.0
2026-10-16,530.0,CALL,21,260.0
2026-10-16,530.0,PUT,21,1904.0
2026-10-16,535.0,CALL,21,536.0
2026-10-16,535.0,PUT,21,740.0
2026-10-16,540.0,CALL,21,443.0
2026-10-16,540.0,PUT,21,4279.0
2026-10-16,545.0,CALL,21,225.0
2026-10-16,545.0,PUT,21,721.0
2026-10-16,550.0,CALL,21,2638.0
2026-10-16,550.0,PUT,21,5859.0
2026-10-16,555.0,CALL,21,350.0
2026-10-16,555.0,PUT,21,559.0
2026-10-16,560.0,CALL,21,1120.0
2026-10-16,560.0,PUT,21,2404.0
2026-10-16,565.0,CALL,21,607.0
2026-10-16,565.0,PUT,21,646.0
2026-10-16,570.0,CALL,21,2174.0
2026-10-16,570.0,PUT,21,2390.0
2026-10-16,575.0,CALL,21,1838.0
2026-10-16,575.0,PUT,21,853.0
2026-10-16,580.0,CALL,21,1626.0
2026-10-16,580.0,PUT,21,3735.0
2026-10-16,585.0,CALL,21,3952.0
2026-10-16,585.0,PUT,21,3248.0
2026-10-16,590.0,CALL,21,1782.0
2026-10-16,590.0,PUT,21,1826.0
2026-10-16,595.0,CALL,21,687.0
2026-10-16,595.0,PUT,21,656.0
2026-10-16,600.0,CALL,21,7562.0
2026-10-16,600.0,PUT,21,6883.0
2026-10-16,605.0,CALL,21,798.0
2026-10-16,605.0,PUT,21,750.0
2026-10-16,610.0,CALL,21,1397.0
2026-10-16,610.0,PUT,21,2046.0
2026-10-16,615.0,CALL,21,1099.0
2026-10-16,615.0,PUT,21,1340.0
2026-10-16,620.0,CALL,21,4169.0
2026-10-16,620.0,PUT,21,2242.0
2026-10-16,625.0,CALL,21,1119.0
2026-10-16,625.0,PUT,21,1450.0
2026-10-16,630.0,CALL,21,3184.0
2026-10-16,630.0,PUT,21,1471.0
2026-10-16,635.0,CALL,21,726.0
2026-10-16,635.0,PUT,21,486.0
2026-10-16,640.0,CALL,21,4241.0
2026-10-16,640.0,PUT,21,3269.0
2026-10-16,645.0,CALL,21,1000.0
2026-10-16,645.0,PUT,21,1033.0
2026-10-16,650.0,CALL,21,7608.0
2026-10-16,650.0,PUT,21,3127.0
2026-10-16,655.0,CALL,21,1625.0
2026-10-16,655.0,PUT,21,801.0
2026-10-16,657.5,CALL,21,14.0
2026-10-16,657.5,PUT,21,103.0
2026-10-16,660.0,CALL,21,2509.0
2026-10-16,660.0,PUT,21,2015.0
2026-10-16,662.5,CALL,21,15.0
2026-10-16,662.5,PUT,21,110.0
2026-10-16,665.0,CALL,21,1206.0
2026-10-16,665.0,PUT,21,778.0
2026-10-16,667.5,CALL,21,28.0
2026-10-16,667.5,PUT,21,168.0
2026-10-16,670.0,CALL,21,3279.0
2026-10-16,670.0,PUT,21,2648.0
2026-10-16,672.5,CALL,21,17.0
2026-10-16,672.5,PUT,21,105.0
2026-10-16,675.0,CALL,21,3149.0
2026-10-16,675.0,PUT,21,1543.0
2026-10-16,677.5,CALL,21,29.0
2026-10-16,677.5,PUT,21,169.0
2026-10-16,680.0,CALL,21,5030.0
2026-10-16,680.0,PUT,21,2000.0
2026-10-16,682.5,CALL,21,86.0
2026-10-16,682.5,PUT,21,183.0
2026-10-16,685.0,CALL,21,1162.0
2026-10-16,685.0,PUT,21,1718.0
2026-10-16,687.5,CALL,21,47.0
2026-10-16,687.5,PUT,21,189.0
2026-10-16,690.0,CALL,21,3143.0
2026-10-16,690.0,PUT,21,739.0
2026-10-16,692.5,CALL,21,66.0
2026-10-16,692.5,PUT,21,217.0
2026-10-16,695.0,CALL,21,2768.0
2026-10-16,695.0,PUT,21,725.0
2026-10-16,697.5,CALL,21,251.0
2026-10-16,697.5,PUT,21,213.0
2026-10-16,700.0,CALL,21,22964.0
2026-10-16,700.0,PUT,21,6315.0
2026-10-16,702.5,CALL,21,109.0
2026-10-16,702.5,PUT,21,279.0
2026-10-16,705.0,CALL,21,1780.0
2026-10-16,705.0,PUT,21,555.0
2026-10-16,710.0,CALL,21,6535.0
2026-10-16,710.0,PUT,21,996.0
2026-10-16,715.0,CALL,21,1422.0
2026-10-16,715.0,PUT,21,945.0
2026-10-16,720.0,CALL,21,4474.0
2026-10-16,720.0,PUT,21,1169.0
2026-10-16,725.0,CALL,21,3439.0
2026-10-16,725.0,PUT,21,1143.0
2026-10-16,730.0,CALL,21,4478.0
2026-10-16,730.0,PUT,21,714.0
2026-10-16,735.0,CALL,21,2088.0
2026-10-16,735.0,PUT,21,628.0
2026-10-16,740.0,CALL,21,4299.0
2026-10-16,740.0,PUT,21,2679.0
2026-10-16,745.0,CALL,21,814.0
2026-10-16,745.0,PUT,21,422.0
2026-10-16,750.0,CALL,21,16446.0
2026-10-16,750.0,PUT,21,2664.0
2026-10-16,755.0,CALL,21,3329.0
2026-10-16,755.0,PUT,21,328.0
2026-10-16,760.0,CALL,21,6428.0
2026-10-16,760.0,PUT,21,1645.0
2026-10-16,765.0,CALL,21,9965.0
2026-10-16,765.0,PUT,21,1873.0
2026-10-16,770.0,CALL,21,5900.0
2026-10-16,770.0,PUT,21,465.0
2026-10-16,775.0,CALL,21,20701.0
2026-10-16,775.0,PUT,21,359.0
2026-10-16,780.0,CALL,21,6453.0
2026-10-16,780.0,PUT,21,361.0
2026-10-16,785.0,CALL,21,982.0
2026-10-16,785.0,PUT,21,124.0
2026-10-16,790.0,CALL,21,2368.0
2026-10-16,790.0,PUT,21,356.0
2026-10-16,795.0,CALL,21,536.0
2026-10-16,795.0,PUT,21,109.0
2026-10-16,800.0,CALL,21,15833.0
2026-10-16,800.0,PUT,21,718.0
2026-10-16,805.0,CALL,21,3344.0
2026-10-16,805.0,PUT,21,79.0
2026-10-16,810.0,CALL,21,3657.0
2026-10-16,810.0,PUT,21,70.0
2026-10-16,815.0,CALL,21,5581.0
2026-10-16,815.0,PUT,21,44.0
2026-10-16,820.0,CALL,21,9793.0
2026-10-16,820.0,PUT,21,92.0
2026-10-16,825.0,CALL,21,20711.0
2026-10-16,825.0,PUT,21,59.0
2026-10-16,830.0,CALL,21,7116.0
2026-10-16,830.0,PUT,21,47.0
2026-10-16,835.0,CALL,21,2230.0
2026-10-16,835.0,PUT,21,104.0
2026-10-16,840.0,CALL,21,1259.0
2026-10-16,845.0,CALL,21,298.0
2026-10-16,850.0,CALL,21,4017.0
2026-10-16,850.0,PUT,21,4.0
2026-10-16,855.0,CALL,21,421.0
2026-10-16,855.0,PUT,21,3.0
2026-10-16,860.0,CALL,21,3667.0
2026-10-16,860.0,PUT,21,1.0
2026-10-16,865.0,CALL,21,450.0
2026-10-16,870.0,CALL,21,1442.0
2026-10-16,875.0,CALL,21,664.0
2026-10-16,880.0,CALL,21,600.0
2026-10-16,885.0,CALL,21,623.0
2026-10-16,890.0,CALL,21,344.0
2026-10-16,890.0,PUT,21,0.0
2026-10-16,895.0,CALL,21,202.0
2026-10-16,900.0,CALL,21,26269.0
2026-10-16,900.0,PUT,21,59.0
2026-10-16,905.0,CALL,21,453.0
2026-10-16,910.0,CALL,21,333.0
2026-10-16,910.0,PUT,21,8.0
2026-10-16,915.0,CALL,21,505.0
2026-10-16,920.0,CALL,21,330.0
2026-10-16,920.0,PUT,21,5.0
2026-10-16,925.0,CALL,21,180.0
2026-10-16,930.0,CALL,21,514.0
2026-10-16,930.0,PUT,21,0.0
2026-10-16,935.0,CALL,21,92.0
2026-10-16,940.0,CALL,21,153.0
2026-10-16,945.0,CALL,21,57.0
2026-10-16,950.0,CALL,21,1064.0
2026-10-16,950.0,PUT,21,3.0
2026-10-16,955.0,CALL,21,70.0
2026-10-16,960.0,CALL,21,122.0
2026-10-16,960.0,PUT,21,0.0
2026-10-16,965.0,CALL,21,233.0
2026-10-16,970.0,CALL,21,382.0
2026-10-16,970.0,PUT,21,0.0
2026-10-16,975.0,CALL,21,121.0
2026-10-16,975.0,PUT,21,0.0
2026-10-16,980.0,CALL,21,240.0
2026-10-16,980.0,PUT,21,0.0
2026-10-16,990.0,CALL,21,132.0
2026-10-16,990.0,PUT,21,0.0
2026-10-16,1000.0,CALL,21,2151.0
2026-10-16,1000.0,PUT,21,1.0
2026-10-16,1010.0,CALL,21,130.0
2026-10-16,1020.0,CALL,21,148.0
2026-10-16,1030.0,CALL,21,102.0
2026-10-16,1040.0,CALL,21,359.0
2026-10-16,1050.0,CALL,21,398.0
2026-10-16,1060.0,CALL,21,515.0
2026-10-16,1070.0,CALL,21,508.0
2026-10-16,1080.0,CALL,21,449.0
2026-10-16,1090.0,CALL,21,114.0
2026-10-16,1100.0,CALL,21,855.0
2026-10-16,1110.0,CALL,21,353.0
2026-10-16,1120.0,CALL,21,819.0
2026-10-16,1130.0,CALL,21,564.0
2026-10-16,1140.0,CALL,21,359.0
2026-10-16,1150.0,CALL,21,205.0
2026-10-16,1160.0,CALL,21,2939.0
2026-10-16,1170.0,CALL,21,2421.0
2026-10-16,1180.0,CALL,21,1446.0
2026-10-16,1190.0,CALL,21,227.0
2026-10-16,1200.0,CALL,21,2962.0
2026-10-16,1210.0,CALL,21,2309.0
2026-10-16,1220.0,CALL,21,2991.0
2026-10-16,1230.0,CALL,21,1114.0
2026-10-16,1240.0,CALL,21,1757.0
2026-10-16,1250.0,CALL,21,539.0
2026-10-16,1490.0,CALL,21,55.0
2026-10-23,100.0,PUT,28,4.0
2026-10-23,180.0,PUT,28,18.0
2026-10-23,330.0,PUT,28,3.0
2026-10-23,360.0,PUT,28,2.0
2026-10-23,370.0,PUT,28,2.0
2026-10-23,400.0,CALL,28,2.0
2026-10-23,400.0,PUT,28,3.0
2026-10-23,405.0,PUT,28,2.0
2026-10-23,410.0,PUT,28,4.0
2026-10-23,415.0,PUT,28,4.0
2026-10-23,420.0,PUT,28,5.0
2026-10-23,425.0,CALL,28,1.0
2026-10-23,425.0,PUT,28,3.0
2026-10-23,430.0,PUT,28,5.0
2026-10-23,435.0,PUT,28,16.0
2026-10-23,440.0,PUT,28,25.0
2026-10-23,445.0,PUT,28,42.0
2026-10-23,450.0,PUT,28,20.0
2026-10-23,455.0,PUT,28,8.0
2026-10-23,460.0,PUT,28,32.0
2026-10-23,465.0,PUT,28,14.0
2026-10-23,470.0,PUT,28,17.0
2026-10-23,475.0,CALL,28,0.0
2026-10-23,475.0,PUT,28,8.0
2026-10-23,480.0,CALL,28,0.0
2026-10-23,480.0,PUT,28,24.0
2026-10-23,485.0,PUT,28,6.0
2026-10-23,490.0,PUT,28,12.0
2026-10-23,495.0,PUT,28,18.0
2026-10-23,500.0,CALL,28,2.0
2026-10-23,500.0,PUT,28,161.0
2026-10-23,505.0,PUT,28,16.0
2026-10-23,510.0,PUT,28,24.0
2026-10-23,515.0,PUT,28,16.0
2026-10-23,520.0,PUT,28,73.0
2026-10-23,525.0,CALL,28,2.0
2026-10-23,525.0,PUT,28,49.0
2026-10-23,530.0,PUT,28,150.0
2026-10-23,535.0,CALL,28,2.0
2026-10-23,535.0,PUT,28,88.0
2026-10-23,540.0,CALL,28,2.0
2026-10-23,540.0,PUT,28,218.0
2026-10-23,545.0,CALL,28,3.0
2026-10-23,545.0,PUT,28,184.0
2026-10-23,550.0,CALL,28,16.0
2026-10-23,550.0,PUT,28,274.0
2026-10-23,555.0,CALL,28,6.0
2026-10-23,555.0,PUT,28,95.0
2026-10-23,560.0,CALL,28,5.0
2026-10-23,560.0,PUT,28,218.0
2026-10-23,565.0,CALL,28,35.0
2026-10-23,565.0,PUT,28,120.0
2026-10-23,570.0,CALL,28,8.0
2026-10-23,570.0,PUT,28,105.0
2026-10-23,575.0,CALL,28,12.0
2026-10-23,575.0,PUT,28,213.0
2026-10-23,580.0,CALL,28,20.0
2026-10-23,580.0,PUT,28,172.0
2026-10-23,585.0,CALL,28,11.0
2026-10-23,585.0,PUT,28,89.0
2026-10-23,590.0,CALL,28,10.0
2026-10-23,590.0,PUT,28,128.0
2026-10-23,595.0,CALL,28,5.0
2026-10-23,595.0,PUT,28,325.0
2026-10-23,600.0,CALL,28,107.0
2026-10-23,600.0,PUT,28,600.0
2026-10-23,605.0,CALL,28,8.0
2026-10-23,605.0,PUT,28,183.0
2026-10-23,610.0,CALL,28,32.0
2026-10-23,610.0,PUT,28,284.0
2026-10-23,615.0,CALL,28,24.0
2026-10-23,615.0,PUT,28,549.0
2026-10-23,620.0,CALL,28,75.0
2026-10-23,620.0,PUT,28,469.0
2026-10-23,625.0,CALL,28,71.0
2026-10-23,625.0,PUT,28,111.0
2026-10-23,630.0,CALL,28,469.0
2026-10-23,630.0,PUT,28,223.0
2026-10-23,635.0,CALL,28,94.0
2026-10-23,635.0,PUT,28,189.0
2026-10-23,640.0,CALL,28,226.0
2026-10-23,640.0,PUT,28,272.0
2026-10-23,645.0,CALL,28,150.0
2026-10-23,645.0,PUT,28,379.0
2026-10-23,650.0,CALL,28,196.0
2026-10-23,650.0,PUT,28,566.0
2026-10-23,655.0,CALL,28,149.0
2026-10-23,655.0,PUT,28,266.0
2026-10-23,660.0,CALL,28,452.0
2026-10-23,660.0,PUT,28,355.0
2026-10-23,665.0,CALL,28,149.0
2026-10-23,665.0,PUT,28,237.0
2026-10-23,670.0,CALL,28,278.0
2026-10-23,670.0,PUT,28,325.0
2026-10-23,675.0,CALL,28,171.0
2026-10-23,675.0,PUT,28,283.0
2026-10-23,680.0,CALL,28,457.0
2026-10-23,680.0,PUT,28,364.0
2026-10-23,685.0,CALL,28,96.0
2026-10-23,685.0,PUT,28,164.0
2026-10-23,690.0,CALL,28,220.0
2026-10-23,690.0,PUT,28,209.0
2026-10-23,695.0,CALL,28,117.0
2026-10-23,695.0,PUT,28,152.0
2026-10-23,700.0,CALL,28,1205.0
2026-10-23,700.0,PUT,28,2068.0
2026-10-23,705.0,CALL,28,127.0
2026-10-23,705.0,PUT,28,173.0
2026-10-23,710.0,CALL,28,297.0
2026-10-23,710.0,PUT,28,140.0
2026-10-23,715.0,CALL,28,119.0
2026-10-23,715.0,PUT,28,84.0
2026-10-23,720.0,CALL,28,357.0
2026-10-23,720.0,PUT,28,152.0
2026-10-23,725.0,CALL,28,339.0
2026-10-23,725.0,PUT,28,374.0
2026-10-23,730.0,CALL,28,184.0
2026-10-23,730.0,PUT,28,128.0
2026-10-23,735.0,CALL,28,222.0
2026-10-23,735.0,PUT,28,90.0
2026-10-23,740.0,CALL,28,415.0
2026-10-23,740.0,PUT,28,136.0
2026-10-23,745.0,CALL,28,151.0
2026-10-23,745.0,PUT,28,377.0
2026-10-23,750.0,CALL,28,484.0
2026-10-23,750.0,PUT,28,438.0
2026-10-23,755.0,CALL,28,197.0
2026-10-23,755.0,PUT,28,87.0
2026-10-23,760.0,CALL,28,967.0
2026-10-23,760.0,PUT,28,186.0
2026-10-23,765.0,CALL,28,328.0
2026-10-23,765.0,PUT,28,80.0
2026-10-23,770.0,CALL,28,450.0
2026-10-23,770.0,PUT,28,117.0
2026-10-23,775.0,CALL,28,486.0
2026-10-23,775.0,PUT,28,105.0
2026-10-23,780.0,CALL,28,548.0
2026-10-23,785.0,CALL,28,739.0
2026-10-23,785.0,PUT,28,12.0
2026-10-23,790.0,CALL,28,206.0
2026-10-23,790.0,PUT,28,14.0
2026-10-23,795.0,CALL,28,89.0
2026-10-23,800.0,CALL,28,926.0
2026-10-23,800.0,PUT,28,59.0
2026-10-23,805.0,CALL,28,91.0
2026-10-23,810.0,CALL,28,314.0
2026-10-23,815.0,CALL,28,61.0
2026-10-23,815.0,PUT,28,3.0
2026-10-23,820.0,CALL,28,484.0
2026-10-23,825.0,CALL,28,220.0
2026-10-23,830.0,CALL,28,202.0
2026-10-23,835.0,CALL,28,110.0
2026-10-23,840.0,CALL,28,178.0
2026-10-23,845.0,CALL,28,44.0
2026-10-23,845.0,PUT,28,3.0
2026-10-23,850.0,CALL,28,457.0
2026-10-23,850.0,PUT,28,3.0
2026-10-23,855.0,CALL,28,59.0
2026-10-23,860.0,CALL,28,186.0
2026-10-23,865.0,CALL,28,171.0
2026-10-23,870.0,CALL,28,167.0
2026-10-23,875.0,CALL,28,349.0
2026-10-23,880.0,CALL,28,117.0
2026-10-23,885.0,CALL,28,26.0
2026-10-23,890.0,CALL,28,209.0
2026-10-23,895.0,CALL,28,59.0
2026-10-23,900.0,CALL,28,290.0
2026-10-23,900.0,PUT,28,8.0
2026-10-23,905.0,CALL,28,19.0
2026-10-23,910.0,CALL,28,203.0
2026-10-23,915.0,CALL,28,31.0
2026-10-23,920.0,CALL,28,101.0
2026-10-23,925.0,CALL,28,29.0
2026-10-23,930.0,CALL,28,51.0
2026-10-23,935.0,CALL,28,21.0
2026-10-23,940.0,CALL,28,5.0
2026-10-23,945.0,CALL,28,28.0
2026-10-23,950.0,CALL,28,85.0
2026-10-23,955.0,CALL,28,23.0
2026-10-23,960.0,CALL,28,15.0
2026-10-23,965.0,CALL,28,40.0
2026-10-23,970.0,CALL,28,26.0
2026-10-23,975.0,CALL,28,8.0
2026-10-23,980.0,CALL,28,12.0
2026-10-23,985.0,CALL,28,12.0
2026-10-23,990.0,CALL,28,10.0
2026-10-23,995.0,CALL,28,8.0
2026-10-23,1000.0,CALL,28,203.0
2026-10-23,1010.0,CALL,28,37.0
2026-10-23,1020.0,CALL,28,30.0
2026-10-23,1030.0,CALL,28,18.0
2026-10-23,1040.0,CALL,28,8.0
2026-10-23,1050.0,CALL,28,139.0
2026-10-23,1060.0,CALL,28,10.0
2026-10-23,1060.0,PUT,28,1.0
2026-10-23,1070.0,CALL,28,31.0
2026-10-23,1070.0,PUT,28,0.0
2026-10-23,1080.0,CALL,28,0.0
2026-10-23,1090.0,CALL,28,27.0
2026-10-23,1190.0,CALL,28,10.0
2026-10-30,100.0,CALL,35,1.0
2026-10-30,300.0,PUT,35,126.0
2026-10-30,310.0,CALL,35,5.0
2026-10-30,350.0,PUT,35,7.0
2026-10-30,360.0,PUT,35,9.0
2026-10-30,370.0,PUT,35,4.0
2026-10-30,380.0,PUT,35,11.0
2026-10-30,390.0,PUT,35,5.0
2026-10-30,400.0,PUT,35,55.0
2026-10-30,410.0,PUT,35,4.0
2026-10-30,420.0,PUT,35,25.0
2026-10-30,440.0,PUT,35,7.0
2026-10-30,450.0,PUT,35,15.0
2026-10-30,455.0,PUT,35,2.0
2026-10-30,460.0,CALL,35,1.0
2026-10-30,460.0,PUT,35,20.0
2026-10-30,470.0,PUT,35,242.0
2026-10-30,475.0,PUT,35,4.0
2026-10-30,480.0,CALL,35,1.0
2026-10-30,480.0,PUT,35,17.0
2026-10-30,485.0,PUT,35,4.0
2026-10-30,490.0,PUT,35,14.0
2026-10-30,495.0,PUT,35,21.0
2026-10-30,500.0,CALL,35,22.0
2026-10-30,500.0,PUT,35,166.0
2026-10-30,505.0,PUT,35,24.0
2026-10-30,510.0,CALL,35,12.0
2026-10-30,510.0,PUT,35,19.0
2026-10-30,515.0,PUT,35,46.0
2026-10-30,520.0,CALL,35,11.0
2026-10-30,520.0,PUT,35,142.0
2026-10-30,525.0,PUT,35,356.0
2026-10-30,530.0,CALL,35,1.0
2026-10-30,530.0,PUT,35,31.0
2026-10-30,535.0,CALL,35,0.0
2026-10-30,535.0,PUT,35,363.0
2026-10-30,540.0,CALL,35,1.0
2026-10-30,540.0,PUT,35,117.0
2026-10-30,545.0,CALL,35,1.0
2026-10-30,545.0,PUT,35,64.0
2026-10-30,550.0,CALL,35,23.0
2026-10-30,550.0,PUT,35,281.0
2026-10-30,555.0,CALL,35,1.0
2026-10-30,555.0,PUT,35,40.0
2026-10-30,560.0,CALL,35,8.0
2026-10-30,560.0,PUT,35,77.0
2026-10-30,565.0,CALL,35,1.0
2026-10-30,565.0,PUT,35,72.0
2026-10-30,570.0,CALL,35,4.0
2026-10-30,570.0,PUT,35,114.0
2026-10-30,575.0,CALL,35,4.0
2026-10-30,575.0,PUT,35,66.0
2026-10-30,580.0,CALL,35,7.0
2026-10-30,580.0,PUT,35,215.0
2026-10-30,585.0,CALL,35,10.0
2026-10-30,585.0,PUT,35,100.0
2026-10-30,590.0,CALL,35,12.0
2026-10-30,590.0,PUT,35,217.0
2026-10-30,595.0,CALL,35,10.0
2026-10-30,595.0,PUT,35,123.0
2026-10-30,600.0,CALL,35,24.0
2026-10-30,600.0,PUT,35,578.0
2026-10-30,605.0,CALL,35,10.0
2026-10-30,605.0,PUT,35,121.0
2026-10-30,610.0,CALL,35,25.0
2026-10-30,610.0,PUT,35,189.0
2026-10-30,615.0,CALL,35,11.0
2026-10-30,615.0,PUT,35,112.0
2026-10-30,620.0,CALL,35,104.0
2026-10-30,620.0,PUT,35,302.0
2026-10-30,625.0,CALL,35,24.0
2026-10-30,625.0,PUT,35,227.0
2026-10-30,630.0,CALL,35,40.0
2026-10-30,630.0,PUT,35,302.0
2026-10-30,635.0,CALL,35,66.0
2026-10-30,635.0,PUT,35,164.0
2026-10-30,640.0,CALL,35,102.0
2026-10-30,640.0,PUT,35,226.0
2026-10-30,645.0,CALL,35,37.0
2026-10-30,645.0,PUT,35,102.0
2026-10-30,650.0,CALL,35,719.0
2026-10-30,650.0,PUT,35,541.0
2026-10-30,655.0,CALL,35,61.0
2026-10-30,655.0,PUT,35,588.0
2026-10-30,660.0,CALL,35,215.0
2026-10-30,660.0,PUT,35,642.0
2026-10-30,665.0,CALL,35,85.0
2026-10-30,665.0,PUT,35,149.0
2026-10-30,670.0,CALL,35,253.0
2026-10-30,670.0,PUT,35,972.0
2026-10-30,675.0,CALL,35,152.0
2026-10-30,675.0,PUT,35,150.0
2026-10-30,680.0,CALL,35,302.0
2026-10-30,680.0,PUT,35,6303.0
2026-10-30,685.0,CALL,35,206.0
2026-10-30,685.0,PUT,35,72.0
2026-10-30,690.0,CALL,35,229.0
2026-10-30,690.0,PUT,35,126.0
2026-10-30,695.0,CALL,35,58.0
2026-10-30,695.0,PUT,35,160.0
2026-10-30,700.0,CALL,35,423.0
2026-10-30,700.0,PUT,35,625.0
2026-10-30,705.0,CALL,35,74.0
2026-10-30,705.0,PUT,35,122.0
2026-10-30,710.0,CALL,35,211.0
2026-10-30,710.0,PUT,35,137.0
2026-10-30,715.0,CALL,35,62.0
2026-10-30,715.0,PUT,35,118.0
2026-10-30,720.0,CALL,35,255.0
2026-10-30,720.0,PUT,35,159.0
2026-10-30,725.0,CALL,35,87.0
2026-10-30,725.0,PUT,35,46.0
2026-10-30,730.0,CALL,35,349.0
2026-10-30,730.0,PUT,35,165.0
2026-10-30,735.0,CALL,35,88.0
2026-10-30,735.0,PUT,35,116.0
2026-10-30,740.0,CALL,35,311.0
2026-10-30,740.0,PUT,35,97.0
2026-10-30,745.0,CALL,35,85.0
2026-10-30,745.0,PUT,35,127.0
2026-10-30,750.0,CALL,35,799.0
2026-10-30,750.0,PUT,35,176.0
2026-10-30,755.0,CALL,35,91.0
2026-10-30,755.0,PUT,35,32.0
2026-10-30,760.0,CALL,35,471.0
2026-10-30,760.0,PUT,35,81.0
2026-10-30,765.0,CALL,35,103.0
2026-10-30,765.0,PUT,35,75.0
2026-10-30,770.0,CALL,35,332.0
2026-10-30,770.0,PUT,35,66.0
2026-10-30,775.0,CALL,35,194.0
2026-10-30,780.0,CALL,35,161.0
2026-10-30,785.0,CALL,35,239.0
2026-10-30,785.0,PUT,35,2.0
2026-10-30,790.0,CALL,35,263.0
2026-10-30,795.0,CALL,35,242.0
2026-10-30,800.0,CALL,35,1181.0
2026-10-30,800.0,PUT,35,376.0
2026-10-30,805.0,CALL,35,311.0
2026-10-30,810.0,CALL,35,242.0
2026-10-30,815.0,CALL,35,153.0
2026-10-30,820.0,CALL,35,154.0
2026-10-30,825.0,CALL,35,97.0
2026-10-30,830.0,CALL,35,124.0
2026-10-30,830.0,PUT,35,1.0
2026-10-30,835.0,CALL,35,79.0
2026-10-30,840.0,CALL,35,348.0
2026-10-30,840.0,PUT,35,2.0
2026-10-30,845.0,CALL,35,212.0
2026-10-30,850.0,CALL,35,908.0
2026-10-30,860.0,CALL,35,160.0
2026-10-30,860.0,PUT,35,2.0
2026-10-30,870.0,CALL,35,96.0
2026-10-30,880.0,CALL,35,277.0
2026-10-30,880.0,PUT,35,1.0
2026-10-30,890.0,CALL,35,100.0
2026-10-30,900.0,CALL,35,1024.0
2026-10-30,900.0,PUT,35,24.0
2026-10-30,910.0,CALL,35,129.0
2026-10-30,920.0,CALL,35,80.0
2026-10-30,930.0,CALL,35,58.0
2026-10-30,940.0,CALL,35,105.0
2026-10-30,950.0,CALL,35,175.0
2026-10-30,960.0,CALL,35,133.0
2026-10-30,970.0,CALL,35,627.0
2026-10-30,980.0,CALL,35,108.0
2026-10-30,990.0,CALL,35,16.0
2026-10-30,1000.0,CALL,35,194.0
2026-10-30,1010.0,CALL,35,12.0
2026-10-30,1020.0,CALL,35,14.0
2026-10-30,1030.0,CALL,35,7.0
2026-10-30,1040.0,CALL,35,18.0
2026-10-30,1050.0,CALL,35,13.0
2026-10-30,1060.0,CALL,35,13.0
2026-10-30,1070.0,CALL,35,11.0
2026-10-30,1070.0,PUT,35,1.0
2026-10-30,1090.0,CALL,35,5.0
2026-10-30,1100.0,CALL,35,16.0
2026-10-30,1110.0,CALL,35,11.0
2026-10-30,1130.0,CALL,35,3.0
2026-10-30,1150.0,CALL,35,3.0
2026-10-30,1160.0,CALL,35,1.0
2026-10-30,1480.0,PUT,35,0.0
2026-11-20,5.0,CALL,56,0.0
2026-11-20,5.0,PUT,56,0.0
2026-11-20,10.0,CALL,56,0.0
2026-11-20,10.0,PUT,56,0.0
2026-11-20,15.0,CALL,56,0.0
2026-11-20,20.0,CALL,56,0.0
2026-11-20,20.0,PUT,56,20.0
2026-11-20,25.0,CALL,56,14.0
2026-11-20,25.0,PUT,56,0.0
2026-11-20,30.0,CALL,56,0.0
2026-11-20,30.0,PUT,56,10.0
2026-11-20,35.0,CALL,56,7.0
2026-11-20,35.0,PUT,56,0.0
2026-11-20,40.0,CALL,56,0.0
2026-11-20,40.0,PUT,56,33.0
2026-11-20,45.0,CALL,56,12.0
2026-11-20,45.0,PUT,56,0.0
2026-11-20,50.0,CALL,56,10.0
2026-11-20,50.0,PUT,56,43.0
2026-11-20,250.0,CALL,56,85.0
2026-11-20,250.0,PUT,56,2450.0
2026-11-20,260.0,CALL,56,4.0
2026-11-20,260.0,PUT,56,195.0
2026-11-20,270.0,CALL,56,1.0
2026-11-20,270.0,PUT,56,112.0
2026-11-20,280.0,CALL,56,1.0
2026-11-20,280.0,PUT,56,46.0
2026-11-20,290.0,CALL,56,2.0
2026-11-20,290.0,PUT,56,180.0
2026-11-20,300.0,CALL,56,17.0
2026-11-20,300.0,PUT,56,500.0
2026-11-20,310.0,CALL,56,3.0
2026-11-20,310.0,PUT,56,124.0
2026-11-20,320.0,CALL,56,4.0
2026-11-20,320.0,PUT,56,40.0
2026-11-20,330.0,CALL,56,22.0
2026-11-20,330.0,PUT,56,68.0
2026-11-20,340.0,CALL,56,6.0
2026-11-20,340.0,PUT,56,252.0
2026-11-20,350.0,CALL,56,17.0
2026-11-20,350.0,PUT,56,413.0
2026-11-20,360.0,CALL,56,15.0
2026-11-20,360.0,PUT,56,279.0
2026-11-20,370.0,CALL,56,3.0
2026-11-20,370.0,PUT,56,216.0
2026-11-20,380.0,CALL,56,16.0
2026-11-20,380.0,PUT,56,146.0
2026-11-20,390.0,CALL,56,38.0
2026-11-20,390.0,PUT,56,255.0
2026-11-20,400.0,CALL,56,50.0
2026-11-20,400.0,PUT,56,847.0
2026-11-20,405.0,CALL,56,0.0
2026-11-20,405.0,PUT,56,183.0
2026-11-20,410.0,CALL,56,0.0
2026-11-20,410.0,PUT,56,161.0
2026-11-20,415.0,CALL,56,16.0
2026-11-20,415.0,PUT,56,168.0
2026-11-20,420.0,CALL,56,0.0
2026-11-20,420.0,PUT,56,1007.0
2026-11-20,425.0,CALL,56,41.0
2026-11-20,425.0,PUT,56,635.0
2026-11-20,430.0,CALL,56,8.0
2026-11-20,430.0,PUT,56,240.0
2026-11-20,435.0,CALL,56,6.0
2026-11-20,435.0,PUT,56,752.0
2026-11-20,440.0,CALL,56,34.0
2026-11-20,440.0,PUT,56,606.0
2026-11-20,445.0,CALL,56,33.0
2026-11-20,445.0,PUT,56,358.0
2026-11-20,450.0,CALL,56,756.0
2026-11-20,450.0,PUT,56,1600.0
2026-11-20,455.0,CALL,56,31.0
2026-11-20,455.0,PUT,56,383.0
2026-11-20,460.0,CALL,56,107.0
2026-11-20,460.0,PUT,56,593.0
2026-11-20,465.0,CALL,56,49.0
2026-11-20,465.0,PUT,56,401.0
2026-11-20,470.0,CALL,56,54.0
2026-11-20,470.0,PUT,56,1458.0
2026-11-20,475.0,CALL,56,38.0
2026-11-20,475.0,PUT,56,658.0
2026-11-20,480.0,CALL,56,65.0
2026-11-20,480.0,PUT,56,2527.0
2026-11-20,485.0,CALL,56,36.0
2026-11-20,485.0,PUT,56,466.0
2026-11-20,490.0,CALL,56,16.0
2026-11-20,490.0,PUT,56,902.0
2026-11-20,495.0,CALL,56,53.0
2026-11-20,495.0,PUT,56,741.0
2026-11-20,500.0,CALL,56,355.0
2026-11-20,500.0,PUT,56,3556.0
2026-11-20,505.0,CALL,56,69.0
2026-11-20,505.0,PUT,56,705.0
2026-11-20,510.0,CALL,56,679.0
2026-11-20,510.0,PUT,56,1252.0
2026-11-20,515.0,CALL,56,69.0
2026-11-20,515.0,PUT,56,1277.0
2026-11-20,520.0,CALL,56,247.0
2026-11-20,520.0,PUT,56,1079.0
2026-11-20,525.0,CALL,56,44.0
2026-11-20,525.0,PUT,56,814.0
2026-11-20,530.0,CALL,56,982.0
2026-11-20,530.0,PUT,56,2343.0
2026-11-20,535.0,CALL,56,193.0
2026-11-20,535.0,PUT,56,1197.0
2026-11-20,540.0,CALL,56,798.0
2026-11-20,540.0,PUT,56,2272.0
2026-11-20,545.0,CALL,56,240.0
2026-11-20,545.0,PUT,56,843.0
2026-11-20,550.0,CALL,56,1429.0
2026-11-20,550.0,PUT,56,3077.0
2026-11-20,555.0,CALL,56,951.0
2026-11-20,555.0,PUT,56,1399.0
2026-11-20,560.0,CALL,56,1448.0
2026-11-20,560.0,PUT,56,2069.0
2026-11-20,565.0,CALL,56,582.0
2026-11-20,565.0,PUT,56,950.0
2026-11-20,570.0,CALL,56,1035.0
2026-11-20,570.0,PUT,56,1588.0
2026-11-20,575.0,CALL,56,764.0
2026-11-20,575.0,PUT,56,917.0
2026-11-20,580.0,CALL,56,769.0
2026-11-20,580.0,PUT,56,1919.0
2026-11-20,585.0,CALL,56,6539.0
2026-11-20,585.0,PUT,56,7444.0
2026-11-20,590.0,CALL,56,3229.0
2026-11-20,590.0,PUT,56,2932.0
2026-11-20,595.0,CALL,56,800.0
2026-11-20,595.0,PUT,56,766.0
2026-11-20,600.0,CALL,56,4795.0
2026-11-20,600.0,PUT,56,4491.0
2026-11-20,605.0,CALL,56,1213.0
2026-11-20,605.0,PUT,56,621.0
2026-11-20,610.0,CALL,56,1616.0
2026-11-20,610.0,PUT,56,1189.0
2026-11-20,615.0,CALL,56,1026.0
2026-11-20,615.0,PUT,56,771.0
2026-11-20,620.0,CALL,56,763.0
2026-11-20,620.0,PUT,56,1136.0
2026-11-20,625.0,CALL,56,888.0
2026-11-20,625.0,PUT,56,1287.0
2026-11-20,630.0,CALL,56,1185.0
2026-11-20,630.0,PUT,56,2000.0
2026-11-20,635.0,CALL,56,2366.0
2026-11-20,635.0,PUT,56,399.0
2026-11-20,640.0,CALL,56,1459.0
2026-11-20,640.0,PUT,56,1378.0
2026-11-20,645.0,CALL,56,495.0
2026-11-20,645.0,PUT,56,819.0
2026-11-20,650.0,CALL,56,4932.0
2026-11-20,650.0,PUT,56,3357.0
2026-11-20,655.0,CALL,56,479.0
2026-11-20,655.0,PUT,56,396.0
2026-11-20,660.0,CALL,56,2989.0
2026-11-20,660.0,PUT,56,809.0
2026-11-20,665.0,CALL,56,434.0
2026-11-20,665.0,PUT,56,652.0
2026-11-20,670.0,CALL,56,2054.0
2026-11-20,670.0,PUT,56,1477.0
2026-11-20,675.0,CALL,56,928.0
2026-11-20,675.0,PUT,56,851.0
2026-11-20,680.0,CALL,56,1077.0
2026-11-20,680.0,PUT,56,1178.0
2026-11-20,685.0,CALL,56,904.0
2026-11-20,685.0,PUT,56,334.0
2026-11-20,690.0,CALL,56,879.0
2026-11-20,690.0,PUT,56,425.0
2026-11-20,695.0,CALL,56,713.0
2026-11-20,695.0,PUT,56,399.0
2026-11-20,700.0,CALL,56,17533.0
2026-11-20,700.0,PUT,56,1090.0
2026-11-20,705.0,CALL,56,716.0
2026-11-20,705.0,PUT,56,712.0
2026-11-20,710.0,CALL,56,1139.0
2026-11-20,710.0,PUT,56,267.0
2026-11-20,715.0,CALL,56,762.0
2026-11-20,715.0,PUT,56,136.0
2026-11-20,720.0,CALL,56,1612.0
2026-11-20,720.0,PUT,56,726.0
2026-11-20,725.0,CALL,56,1403.0
2026-11-20,725.0,PUT,56,256.0
2026-11-20,730.0,CALL,56,908.0
2026-11-20,730.0,PUT,56,547.0
2026-11-20,735.0,CALL,56,758.0
2026-11-20,735.0,PUT,56,1096.0
2026-11-20,740.0,CALL,56,1820.0
2026-11-20,740.0,PUT,56,652.0
2026-11-20,745.0,CALL,56,693.0
2026-11-20,745.0,PUT,56,632.0
2026-11-20,750.0,CALL,56,7159.0
2026-11-20,750.0,PUT,56,1981.0
2026-11-20,755.0,CALL,56,4226.0
2026-11-20,755.0,PUT,56,158.0
2026-11-20,760.0,CALL,56,4722.0
2026-11-20,760.0,PUT,56,238.0
2026-11-20,765.0,CALL,56,4178.0
2026-11-20,765.0,PUT,56,184.0
2026-11-20,770.0,CALL,56,5208.0
2026-11-20,770.0,PUT,56,462.0
2026-11-20,775.0,CALL,56,5072.0
2026-11-20,775.0,PUT,56,97.0
2026-11-20,780.0,CALL,56,6800.0
2026-11-20,780.0,PUT,56,218.0
2026-11-20,785.0,CALL,56,302.0
2026-11-20,785.0,PUT,56,57.0
2026-11-20,790.0,CALL,56,1013.0
2026-11-20,790.0,PUT,56,93.0
2026-11-20,795.0,CALL,56,943.0
2026-11-20,795.0,PUT,56,27.0
2026-11-20,800.0,CALL,56,22957.0
2026-11-20,800.0,PUT,56,206.0
2026-11-20,805.0,CALL,56,4268.0
2026-11-20,805.0,PUT,56,29.0
2026-11-20,810.0,CALL,56,6690.0
2026-11-20,810.0,PUT,56,6.0
2026-11-20,815.0,CALL,56,4183.0
2026-11-20,815.0,PUT,56,21.0
2026-11-20,820.0,CALL,56,4878.0
2026-11-20,820.0,PUT,56,14.0
2026-11-20,825.0,CALL,56,4858.0
2026-11-20,825.0,PUT,56,0.0
2026-11-20,830.0,CALL,56,5630.0
2026-11-20,830.0,PUT,56,1.0
2026-11-20,835.0,CALL,56,255.0
2026-11-20,835.0,PUT,56,1.0
2026-11-20,840.0,CALL,56,1076.0
2026-11-20,845.0,CALL,56,384.0
2026-11-20,845.0,PUT,56,0.0
2026-11-20,850.0,CALL,56,2337.0
2026-11-20,850.0,PUT,56,16.0
2026-11-20,855.0,CALL,56,265.0
2026-11-20,860.0,CALL,56,948.0
2026-11-20,860.0,PUT,56,3.0
2026-11-20,865.0,CALL,56,223.0
2026-11-20,870.0,CALL,56,976.0
2026-11-20,870.0,PUT,56,21.0
2026-11-20,875.0,CALL,56,941.0
2026-11-20,875.0,PUT,56,0.0
2026-11-20,880.0,CALL,56,382.0
2026-11-20,880.0,PUT,56,11.0
2026-11-20,885.0,CALL,56,193.0
2026-11-20,885.0,PUT,56,5.0
2026-11-20,890.0,CALL,56,185.0
2026-11-20,890.0,PUT,56,33.0
2026-11-20,895.0,CALL,56,72.0
2026-11-20,895.0,PUT,56,10.0
2026-11-20,900.0,CALL,56,16137.0
2026-11-20,900.0,PUT,56,84.0
2026-11-20,905.0,CALL,56,199.0
2026-11-20,905.0,PUT,56,0.0
2026-11-20,910.0,CALL,56,444.0
2026-11-20,910.0,PUT,56,0.0
2026-11-20,915.0,CALL,56,75.0
2026-11-20,915.0,PUT,56,0.0
2026-11-20,920.0,CALL,56,348.0
2026-11-20,920.0,PUT,56,0.0
2026-11-20,925.0,CALL,56,849.0
2026-11-20,925.0,PUT,56,0.0
2026-11-20,930.0,CALL,56,164.0
2026-11-20,930.0,PUT,56,1.0
2026-11-20,935.0,CALL,56,136.0
2026-11-20,935.0,PUT,56,0.0
2026-11-20,940.0,CALL,56,183.0
2026-11-20,940.0,PUT,56,27.0
2026-11-20,945.0,CALL,56,110.0
2026-11-20,950.0,CALL,56,2562.0
2026-11-20,950.0,PUT,56,1.0
2026-11-20,955.0,CALL,56,70.0
2026-11-20,960.0,CALL,56,298.0
2026-11-20,965.0,CALL,56,126.0
2026-11-20,970.0,CALL,56,73.0
2026-11-20,975.0,CALL,56,56.0
2026-11-20,980.0,CALL,56,133.0
2026-11-20,985.0,CALL,56,70.0
2026-11-20,985.0,PUT,56,0.0
2026-11-20,990.0,CALL,56,221.0
2026-11-20,995.0,CALL,56,44.0
2026-11-20,1000.0,CALL,56,1467.0
2026-11-20,1000.0,PUT,56,10.0
2026-11-20,1010.0,CALL,56,170.0
2026-11-20,1020.0,CALL,56,168.0
2026-11-20,1030.0,CALL,56,170.0
2026-11-20,1040.0,CALL,56,70.0
2026-11-20,1050.0,CALL,56,310.0
2026-11-20,1050.0,PUT,56,10.0
2026-11-20,1060.0,CALL,56,248.0
2026-11-20,1070.0,CALL,56,110.0
2026-11-20,1080.0,CALL,56,241.0
2026-11-20,1090.0,CALL,56,505.0
2026-11-20,1100.0,CALL,56,1455.0
2026-11-20,1110.0,CALL,56,119.0
2026-11-20,1120.0,CALL,56,95.0
2026-11-20,1130.0,CALL,56,63.0
2026-11-20,1140.0,CALL,56,130.0
2026-11-20,1150.0,CALL,56,262.0
2026-11-20,1160.0,CALL,56,119.0
2026-11-20,1170.0,CALL,56,117.0
2026-11-20,1180.0,CALL,56,37.0
2026-11-20,1190.0,CALL,56,60.0
2026-11-20,1200.0,CALL,56,1281.0
2026-11-20,1210.0,CALL,56,420.0
2026-11-20,1220.0,CALL,56,40.0
2026-11-20,1230.0,CALL,56,37.0
2026-11-20,1230.0,PUT,56,0.0
2026-11-20,1240.0,CALL,56,58.0
2026-11-20,1250.0,CALL,56,361.0
2026-11-20,1260.0,CALL,56,91.0
2026-11-20,1270.0,CALL,56,64.0
2026-11-20,1280.0,CALL,56,39.0
2026-11-20,1290.0,CALL,56,67.0
2026-11-20,1300.0,CALL,56,186.0
2026-11-20,1310.0,CALL,56,6.0
2026-11-20,1320.0,CALL,56,12.0
2026-11-20,1330.0,CALL,56,22.0
2026-11-20,1340.0,CALL,56,17.0
2026-11-20,1350.0,CALL,56,56.0
2026-11-20,1360.0,CALL,56,35.0
2026-11-20,1370.0,CALL,56,89.0
2026-11-20,1380.0,CALL,56,11.0
2026-11-20,1390.0,CALL,56,20.0
2026-11-20,1400.0,CALL,56,72.0
2026-11-20,1410.0,CALL,56,39.0
2026-11-20,1420.0,CALL,56,70.0
2026-11-20,1430.0,CALL,56,55.0
2026-11-20,1440.0,CALL,56,141.0
2026-11-20,1450.0,CALL,56,245.0
2026-11-20,1460.0,CALL,56,93.0
2026-11-20,1470.0,CALL,56,309.0
2026-11-20,1470.0,PUT,56,0.0
2026-11-20,1480.0,CALL,56,6224.0
2026-11-20,1480.0,PUT,56,0.0
2026-11-20,1490.0,CALL,56,1.0
2026-11-20,1490.0,PUT,56,0.0
2026-12-18,5.0,CALL,84,0.0
2026-12-18,5.0,PUT,84,474.0
2026-12-18,10.0,CALL,84,0.0
2026-12-18,10.0,PUT,84,118.0
2026-12-18,15.0,CALL,84,1.0
2026-12-18,15.0,PUT,84,25.0
2026-12-18,20.0,CALL,84,6.0
2026-12-18,20.0,PUT,84,325.0
2026-12-18,25.0,CALL,84,0.0
2026-12-18,25.0,PUT,84,10.0
2026-12-18,30.0,CALL,84,1.0
2026-12-18,30.0,PUT,84,63.0
2026-12-18,35.0,PUT,84,14.0
2026-12-18,40.0,PUT,84,17.0
2026-12-18,45.0,CALL,84,1.0
2026-12-18,45.0,PUT,84,2.0
2026-12-18,50.0,CALL,84,6.0
2026-12-18,50.0,PUT,84,427.0
2026-12-18,55.0,CALL,84,1.0
2026-12-18,55.0,PUT,84,41.0
2026-12-18,60.0,PUT,84,22.0
2026-12-18,65.0,PUT,84,34.0
2026-12-18,70.0,CALL,84,1.0
2026-12-18,70.0,PUT,84,28.0
2026-12-18,75.0,CALL,84,0.0
2026-12-18,75.0,PUT,84,16.0
2026-12-18,80.0,CALL,84,2.0
2026-12-18,80.0,PUT,84,45.0
2026-12-18,85.0,PUT,84,0.0
2026-12-18,90.0,PUT,84,345.0
2026-12-18,95.0,CALL,84,2.0
2026-12-18,95.0,PUT,84,203.0
2026-12-18,100.0,CALL,84,111.0
2026-12-18,100.0,PUT,84,446.0
2026-12-18,110.0,CALL,84,26.0
2026-12-18,110.0,PUT,84,139.0
2026-12-18,120.0,CALL,84,0.0
2026-12-18,120.0,PUT,84,204.0
2026-12-18,130.0,CALL,84,17.0
2026-12-18,130.0,PUT,84,321.0
2026-12-18,140.0,CALL,84,114.0
2026-12-18,140.0,PUT,84,263.0
2026-12-18,150.0,CALL,84,126.0
2026-12-18,150.0,PUT,84,357.0
2026-12-18,160.0,CALL,84,62.0
2026-12-18,160.0,PUT,84,417.0
2026-12-18,170.0,CALL,84,83.0
2026-12-18,170.0,PUT,84,590.0
2026-12-18,180.0,CALL,84,187.0
2026-12-18,180.0,PUT,84,282.0
2026-12-18,190.0,CALL,84,225.0
2026-12-18,190.0,PUT,84,220.0
2026-12-18,200.0,CALL,84,337.0
2026-12-18,200.0,PUT,84,1033.0
2026-12-18,210.0,CALL,84,264.0
2026-12-18,210.0,PUT,84,460.0
2026-12-18,220.0,CALL,84,288.0
2026-12-18,220.0,PUT,84,941.0
2026-12-18,230.0,CALL,84,157.0
2026-12-18,230.0,PUT,84,137.0
2026-12-18,240.0,CALL,84,43.0
2026-12-18,240.0,PUT,84,283.0
2026-12-18,250.0,CALL,84,298.0
2026-12-18,250.0,PUT,84,687.0
2026-12-18,260.0,CALL,84,824.0
2026-12-18,260.0,PUT,84,644.0
2026-12-18,270.0,CALL,84,48.0
2026-12-18,270.0,PUT,84,307.0
2026-12-18,280.0,CALL,84,79.0
2026-12-18,280.0,PUT,84,376.0
2026-12-18,290.0,CALL,84,66.0
2026-12-18,290.0,PUT,84,361.0
2026-12-18,300.0,CALL,84,195.0
2026-12-18,300.0,PUT,84,1573.0
2026-12-18,310.0,CALL,84,94.0
2026-12-18,310.0,PUT,84,423.0
2026-12-18,320.0,CALL,84,140.0
2026-12-18,320.0,PUT,84,577.0
2026-12-18,330.0,CALL,84,61.0
2026-12-18,330.0,PUT,84,182.0
2026-12-18,340.0,CALL,84,122.0
2026-12-18,340.0,PUT,84,291.0
2026-12-18,350.0,CALL,84,250.0
2026-12-18,350.0,PUT,84,1771.0
2026-12-18,360.0,CALL,84,139.0
2026-12-18,360.0,PUT,84,2589.0
2026-12-18,370.0,CALL,84,152.0
2026-12-18,370.0,PUT,84,339.0
2026-12-18,380.0,CALL,84,57.0
2026-12-18,380.0,PUT,84,875.0
2026-12-18,390.0,CALL,84,493.0
2026-12-18,390.0,PUT,84,480.0
2026-12-18,400.0,CALL,84,1594.0
2026-12-18,400.0,PUT,84,1794.0
2026-12-18,410.0,CALL,84,2614.0
2026-12-18,410.0,PUT,84,694.0
2026-12-18,420.0,CALL,84,892.0
2026-12-18,420.0,PUT,84,1850.0
2026-12-18,430.0,CALL,84,98.0
2026-12-18,430.0,PUT,84,540.0
2026-12-18,440.0,CALL,84,174.0
2026-12-18,440.0,PUT,84,838.0
2026-12-18,450.0,CALL,84,902.0
2026-12-18,450.0,PUT,84,4689.0
2026-12-18,460.0,CALL,84,173.0
2026-12-18,460.0,PUT,84,1820.0
2026-12-18,470.0,CALL,84,2150.0
2026-12-18,470.0,PUT,84,1482.0
2026-12-18,480.0,CALL,84,213.0
2026-12-18,480.0,PUT,84,1960.0
2026-12-18,490.0,CALL,84,831.0
2026-12-18,490.0,PUT,84,1989.0
2026-12-18,500.0,CALL,84,1828.0
2026-12-18,500.0,PUT,84,6815.0
2026-12-18,510.0,CALL,84,164.0
2026-12-18,510.0,PUT,84,3372.0
2026-12-18,520.0,CALL,84,802.0
2026-12-18,520.0,PUT,84,1851.0
2026-12-18,530.0,CALL,84,881.0
2026-12-18,530.0,PUT,84,3034.0
2026-12-18,540.0,CALL,84,582.0
2026-12-18,540.0,PUT,84,1754.0
2026-12-18,550.0,CALL,84,1311.0
2026-12-18,550.0,PUT,84,5562.0
2026-12-18,560.0,CALL,84,893.0
2026-12-18,560.0,PUT,84,1912.0
2026-12-18,565.0,CALL,84,753.0
2026-12-18,565.0,PUT,84,612.0
2026-12-18,570.0,CALL,84,1229.0
2026-12-18,570.0,PUT,84,2826.0
2026-12-18,575.0,CALL,84,746.0
2026-12-18,575.0,PUT,84,907.0
2026-12-18,580.0,CALL,84,1081.0
2026-12-18,580.0,PUT,84,1992.0
2026-12-18,585.0,CALL,84,349.0
2026-12-18,585.0,PUT,84,590.0
2026-12-18,590.0,CALL,84,654.0
2026-12-18,590.0,PUT,84,1972.0
2026-12-18,595.0,CALL,84,395.0
2026-12-18,595.0,PUT,84,1069.0
2026-12-18,600.0,CALL,84,3475.0
2026-12-18,600.0,PUT,84,4365.0
2026-12-18,605.0,CALL,84,470.0
2026-12-18,605.0,PUT,84,342.0
2026-12-18,610.0,CALL,84,928.0
2026-12-18,610.0,PUT,84,1190.0
2026-12-18,615.0,CALL,84,319.0
2026-12-18,615.0,PUT,84,776.0
2026-12-18,620.0,CALL,84,1660.0
2026-12-18,620.0,PUT,84,1662.0
2026-12-18,625.0,CALL,84,414.0
2026-12-18,625.0,PUT,84,428.0
2026-12-18,630.0,CALL,84,1224.0
2026-12-18,630.0,PUT,84,1634.0
2026-12-18,635.0,CALL,84,209.0
2026-12-18,635.0,PUT,84,309.0
2026-12-18,640.0,CALL,84,1714.0
2026-12-18,640.0,PUT,84,1220.0
2026-12-18,645.0,CALL,84,562.0
2026-12-18,645.0,PUT,84,258.0
2026-12-18,650.0,CALL,84,5151.0
2026-12-18,650.0,PUT,84,2333.0
2026-12-18,655.0,CALL,84,598.0
2026-12-18,655.0,PUT,84,237.0
2026-12-18,660.0,CALL,84,2294.0
2026-12-18,660.0,PUT,84,5071.0
2026-12-18,665.0,CALL,84,688.0
2026-12-18,665.0,PUT,84,387.0
2026-12-18,670.0,CALL,84,1305.0
2026-12-18,670.0,PUT,84,1638.0
2026-12-18,675.0,CALL,84,356.0
2026-12-18,675.0,PUT,84,184.0
2026-12-18,680.0,CALL,84,1843.0
2026-12-18,680.0,PUT,84,1828.0
2026-12-18,685.0,CALL,84,230.0
2026-12-18,685.0,PUT,84,138.0
2026-12-18,690.0,CALL,84,753.0
2026-12-18,690.0,PUT,84,615.0
2026-12-18,695.0,CALL,84,301.0
2026-12-18,695.0,PUT,84,134.0
2026-12-18,700.0,CALL,84,7457.0
2026-12-18,700.0,PUT,84,2240.0
2026-12-18,705.0,CALL,84,514.0
2026-12-18,705.0,PUT,84,412.0
2026-12-18,710.0,CALL,84,610.0
2026-12-18,710.0,PUT,84,451.0
2026-12-18,715.0,CALL,84,291.0
2026-12-18,715.0,PUT,84,278.0
2026-12-18,720.0,CALL,84,3499.0
2026-12-18,720.0,PUT,84,361.0
2026-12-18,725.0,CALL,84,880.0
2026-12-18,725.0,PUT,84,261.0
2026-12-18,730.0,CALL,84,2160.0
2026-12-18,730.0,PUT,84,1850.0
2026-12-18,735.0,CALL,84,474.0
2026-12-18,735.0,PUT,84,203.0
2026-12-18,740.0,CALL,84,951.0
2026-12-18,740.0,PUT,84,179.0
2026-12-18,745.0,CALL,84,517.0
2026-12-18,745.0,PUT,84,118.0
2026-12-18,750.0,CALL,84,5584.0
2026-12-18,750.0,PUT,84,1671.0
2026-12-18,755.0,CALL,84,2154.0
2026-12-18,755.0,PUT,84,270.0
2026-12-18,760.0,CALL,84,2976.0
2026-12-18,760.0,PUT,84,374.0
2026-12-18,765.0,CALL,84,2170.0
2026-12-18,765.0,PUT,84,321.0
2026-12-18,770.0,CALL,84,3465.0
2026-12-18,770.0,PUT,84,141.0
2026-12-18,775.0,CALL,84,2872.0
2026-12-18,775.0,PUT,84,75.0
2026-12-18,780.0,CALL,84,3685.0
2026-12-18,780.0,PUT,84,107.0
2026-12-18,785.0,CALL,84,709.0
2026-12-18,785.0,PUT,84,26.0
2026-12-18,790.0,CALL,84,1666.0
2026-12-18,790.0,PUT,84,145.0
2026-12-18,795.0,CALL,84,621.0
2026-12-18,795.0,PUT,84,41.0
2026-12-18,800.0,CALL,84,11993.0
2026-12-18,800.0,PUT,84,281.0
2026-12-18,805.0,CALL,84,2028.0
2026-12-18,805.0,PUT,84,82.0
2026-12-18,810.0,CALL,84,1974.0
2026-12-18,810.0,PUT,84,21.0
2026-12-18,815.0,CALL,84,2215.0
2026-12-18,815.0,PUT,84,10.0
2026-12-18,820.0,CALL,84,3466.0
2026-12-18,820.0,PUT,84,88.0
2026-12-18,825.0,CALL,84,2528.0
2026-12-18,825.0,PUT,84,14.0
2026-12-18,830.0,CALL,84,3144.0
2026-12-18,830.0,PUT,84,14.0
2026-12-18,835.0,CALL,84,251.0
2026-12-18,835.0,PUT,84,21.0
2026-12-18,840.0,CALL,84,1210.0
2026-12-18,840.0,PUT,84,27.0
2026-12-18,845.0,CALL,84,2470.0
2026-12-18,845.0,PUT,84,13.0
2026-12-18,850.0,CALL,84,3608.0
2026-12-18,850.0,PUT,84,42.0
2026-12-18,860.0,CALL,84,1810.0
2026-12-18,860.0,PUT,84,1.0
2026-12-18,870.0,CALL,84,942.0
2026-12-18,870.0,PUT,84,6.0
2026-12-18,880.0,CALL,84,892.0
2026-12-18,880.0,PUT,84,2.0
2026-12-18,890.0,CALL,84,245.0
2026-12-18,890.0,PUT,84,2.0
2026-12-18,900.0,CALL,84,3742.0
2026-12-18,900.0,PUT,84,110.0
2026-12-18,910.0,CALL,84,762.0
2026-12-18,910.0,PUT,84,0.0
2026-12-18,920.0,CALL,84,560.0
2026-12-18,920.0,PUT,84,1.0
2026-12-18,930.0,CALL,84,250.0
2026-12-18,930.0,PUT,84,2.0
2026-12-18,940.0,CALL,84,517.0
2026-12-18,940.0,PUT,84,5.0
2026-12-18,950.0,CALL,84,1552.0
2026-12-18,950.0,PUT,84,1.0
2026-12-18,960.0,CALL,84,265.0
2026-12-18,960.0,PUT,84,1.0
2026-12-18,970.0,CALL,84,1665.0
2026-12-18,970.0,PUT,84,1.0
2026-12-18,980.0,CALL,84,206.0
2026-12-18,980.0,PUT,84,0.0
2026-12-18,990.0,CALL,84,976.0
2026-12-18,990.0,PUT,84,4.0
2026-12-18,1000.0,CALL,84,4741.0
2026-12-18,1000.0,PUT,84,3.0
2026-12-18,1020.0,CALL,84,608.0
2026-12-18,1020.0,PUT,84,0.0
2026-12-18,1030.0,CALL,84,1576.0
2026-12-18,1030.0,PUT,84,0.0
2026-12-18,1040.0,CALL,84,193.0
2026-12-18,1040.0,PUT,84,0.0
2026-12-18,1050.0,CALL,84,290.0
2026-12-18,1050.0,PUT,84,0.0
2026-12-18,1060.0,CALL,84,238.0
2026-12-18,1060.0,PUT,84,0.0
2026-12-18,1070.0,CALL,84,218.0
2026-12-18,1070.0,PUT,84,0.0
2026-12-18,1080.0,CALL,84,213.0
2026-12-18,1080.0,PUT,84,0.0
2026-12-18,1090.0,CALL,84,89.0
2026-12-18,1090.0,PUT,84,0.0
2026-12-18,1100.0,CALL,84,1371.0
2026-12-18,1100.0,PUT,84,0.0
2026-12-18,1110.0,CALL,84,173.0
2026-12-18,1110.0,PUT,84,0.0
2026-12-18,1120.0,CALL,84,417.0
2026-12-18,1120.0,PUT,84,13.0
2026-12-18,1130.0,CALL,84,97.0
2026-12-18,1130.0,PUT,84,0.0
2026-12-18,1140.0,CALL,84,180.0
2026-12-18,1140.0,PUT,84,0.0
2026-12-18,1150.0,CALL,84,1738.0
2026-12-18,1150.0,PUT,84,0.0
2026-12-18,1160.0,CALL,84,33.0
2026-12-18,1160.0,PUT,84,0.0
2026-12-18,1170.0,CALL,84,51.0
2026-12-18,1170.0,PUT,84,0.0
2026-12-18,1180.0,CALL,84,223.0
2026-12-18,1180.0,PUT,84,0.0
2026-12-18,1190.0,CALL,84,94.0
2026-12-18,1190.0,PUT,84,0.0
2026-12-18,1200.0,CALL,84,1939.0
2026-12-18,1200.0,PUT,84,0.0
2026-12-18,1210.0,CALL,84,124.0
2026-12-18,1210.0,PUT,84,0.0
2026-12-18,1220.0,CALL,84,148.0
2026-12-18,1220.0,PUT,84,0.0
2026-12-18,1230.0,CALL,84,373.0
2026-12-18,1230.0,PUT,84,0.0
2026-12-18,1240.0,CALL,84,1846.0
2026-12-18,1240.0,PUT,84,0.0
2026-12-18,1250.0,CALL,84,2022.0
2026-12-18,1260.0,CALL,84,123.0
2026-12-18,1270.0,CALL,84,184.0
2026-12-18,1270.0,PUT,84,0.0
2026-12-18,1280.0,CALL,84,300.0
2026-12-18,1280.0,PUT,84,0.0
2026-12-18,1290.0,CALL,84,8569.0
2026-12-18,1300.0,CALL,84,8894.0
2026-12-18,1300.0,PUT,84,0.0
2026-12-18,1310.0,CALL,84,110.0
2026-12-18,1320.0,CALL,84,89.0
2026-12-18,1330.0,CALL,84,81.0
2026-12-18,1340.0,CALL,84,269.0
2026-12-18,1350.0,CALL,84,410.0
2026-12-18,1360.0,CALL,84,96.0
2026-12-18,1370.0,CALL,84,148.0
2026-12-18,1380.0,CALL,84,65.0
2026-12-18,1390.0,CALL,84,114.0
2026-12-18,1400.0,CALL,84,2509.0
2026-12-18,1400.0,PUT,84,0.0
2026-12-18,1410.0,CALL,84,490.0
2026-12-18,1410.0,PUT,84,0.0
2026-12-18,1420.0,CALL,84,791.0
2026-12-18,1420.0,PUT,84,0.0
2026-12-18,1430.0,CALL,84,890.0
2026-12-18,1440.0,CALL,84,42.0
2026-12-18,1450.0,CALL,84,62.0
2026-12-18,1460.0,CALL,84,270.0
2026-12-18,1470.0,CALL,84,137.0
2026-12-18,1480.0,CALL,84,2072.0
2026-12-18,1490.0,CALL,84,118.0
2027-01-15,5.0,CALL,112,68.0
2027-01-15,5.0,PUT,112,3204.0
2027-01-15,10.0,CALL,112,1.0
2027-01-15,10.0,PUT,112,1.0
2027-01-15,15.0,CALL,112,0.0
2027-01-15,15.0,PUT,112,4.0
2027-01-15,20.0,CALL,112,8.0
2027-01-15,20.0,PUT,112,2.0
2027-01-15,25.0,PUT,112,2.0
2027-01-15,30.0,PUT,112,4.0
2027-01-15,35.0,PUT,112,2.0
2027-01-15,40.0,CALL,112,0.0
2027-01-15,40.0,PUT,112,204.0
2027-01-15,45.0,CALL,112,0.0
2027-01-15,45.0,PUT,112,7.0
2027-01-15,50.0,CALL,112,111.0
2027-01-15,50.0,PUT,112,440.0
2027-01-15,100.0,CALL,112,126.0
2027-01-15,100.0,PUT,112,3066.0
2027-01-15,110.0,CALL,112,283.0
2027-01-15,110.0,PUT,112,362.0
2027-01-15,120.0,CALL,112,11.0
2027-01-15,120.0,PUT,112,97.0
2027-01-15,130.0,CALL,112,0.0
2027-01-15,130.0,PUT,112,99.0
2027-01-15,140.0,CALL,112,13.0
2027-01-15,140.0,PUT,112,199.0
2027-01-15,150.0,CALL,112,0.0
2027-01-15,150.0,PUT,112,277.0
2027-01-15,160.0,CALL,112,38.0
2027-01-15,160.0,PUT,112,178.0
2027-01-15,170.0,CALL,112,36.0
2027-01-15,170.0,PUT,112,468.0
2027-01-15,180.0,CALL,112,191.0
2027-01-15,180.0,PUT,112,253.0
2027-01-15,190.0,CALL,112,27.0
2027-01-15,190.0,PUT,112,176.0
2027-01-15,200.0,CALL,112,160.0
2027-01-15,200.0,PUT,112,483.0
2027-01-15,210.0,CALL,112,0.0
2027-01-15,210.0,PUT,112,389.0
2027-01-15,220.0,CALL,112,0.0
2027-01-15,220.0,PUT,112,1124.0
2027-01-15,230.0,CALL,112,55.0
2027-01-15,230.0,PUT,112,601.0
2027-01-15,240.0,CALL,112,73.0
2027-01-15,240.0,PUT,112,378.0
2027-01-15,250.0,CALL,112,86.0
2027-01-15,250.0,PUT,112,1046.0
2027-01-15,260.0,CALL,112,59.0
2027-01-15,260.0,PUT,112,220.0
2027-01-15,270.0,CALL,112,281.0
2027-01-15,270.0,PUT,112,1033.0
2027-01-15,280.0,CALL,112,55.0
2027-01-15,280.0,PUT,112,355.0
2027-01-15,290.0,CALL,112,168.0
2027-01-15,290.0,PUT,112,363.0
2027-01-15,300.0,CALL,112,378.0
2027-01-15,300.0,PUT,112,1310.0
2027-01-15,310.0,CALL,112,22.0
2027-01-15,310.0,PUT,112,442.0
2027-01-15,320.0,CALL,112,77.0
2027-01-15,320.0,PUT,112,793.0
2027-01-15,330.0,CALL,112,63.0
2027-01-15,330.0,PUT,112,511.0
2027-01-15,340.0,CALL,112,40.0
2027-01-15,340.0,PUT,112,475.0
2027-01-15,350.0,CALL,112,161.0
2027-01-15,350.0,PUT,112,1607.0
2027-01-15,360.0,CALL,112,86.0
2027-01-15,360.0,PUT,112,515.0
2027-01-15,370.0,CALL,112,45.0
2027-01-15,370.0,PUT,112,1438.0
2027-01-15,380.0,CALL,112,54.0
2027-01-15,380.0,PUT,112,850.0
2027-01-15,390.0,CALL,112,124.0
2027-01-15,390.0,PUT,112,1253.0
2027-01-15,400.0,CALL,112,507.0
2027-01-15,400.0,PUT,112,4302.0
2027-01-15,410.0,CALL,112,119.0
2027-01-15,410.0,PUT,112,1318.0
2027-01-15,420.0,CALL,112,200.0
2027-01-15,420.0,PUT,112,1781.0
2027-01-15,430.0,CALL,112,127.0
2027-01-15,430.0,PUT,112,2870.0
2027-01-15,440.0,CALL,112,152.0
2027-01-15,440.0,PUT,112,2635.0
2027-01-15,450.0,CALL,112,252.0
2027-01-15,450.0,PUT,112,7234.0
2027-01-15,460.0,CALL,112,141.0
2027-01-15,460.0,PUT,112,2856.0
2027-01-15,470.0,CALL,112,91.0
2027-01-15,470.0,PUT,112,2120.0
2027-01-15,480.0,CALL,112,261.0
2027-01-15,480.0,PUT,112,2706.0
2027-01-15,490.0,CALL,112,350.0
2027-01-15,490.0,PUT,112,3312.0
2027-01-15,500.0,CALL,112,2227.0
2027-01-15,500.0,PUT,112,8194.0
2027-01-15,510.0,CALL,112,1819.0
2027-01-15,510.0,PUT,112,5186.0
2027-01-15,520.0,CALL,112,397.0
2027-01-15,520.0,PUT,112,3837.0
2027-01-15,530.0,CALL,112,485.0
2027-01-15,530.0,PUT,112,4015.0
2027-01-15,540.0,CALL,112,822.0
2027-01-15,540.0,PUT,112,3594.0
2027-01-15,550.0,CALL,112,1572.0
2027-01-15,550.0,PUT,112,6340.0
2027-01-15,560.0,CALL,112,1239.0
2027-01-15,560.0,PUT,112,3517.0
2027-01-15,570.0,CALL,112,932.0
2027-01-15,570.0,PUT,112,6789.0
2027-01-15,580.0,CALL,112,1158.0
2027-01-15,580.0,PUT,112,3691.0
2027-01-15,590.0,CALL,112,1355.0
2027-01-15,590.0,PUT,112,1787.0
2027-01-15,600.0,CALL,112,6010.0
2027-01-15,600.0,PUT,112,5935.0
2027-01-15,610.0,CALL,112,1864.0
2027-01-15,610.0,PUT,112,1915.0
2027-01-15,620.0,CALL,112,2371.0
2027-01-15,620.0,PUT,112,2332.0
2027-01-15,630.0,CALL,112,3019.0
2027-01-15,630.0,PUT,112,3236.0
2027-01-15,640.0,CALL,112,1279.0
2027-01-15,640.0,PUT,112,5314.0
2027-01-15,650.0,CALL,112,4746.0
2027-01-15,650.0,PUT,112,3252.0
2027-01-15,660.0,CALL,112,3340.0
2027-01-15,660.0,PUT,112,1655.0
2027-01-15,670.0,CALL,112,2565.0
2027-01-15,670.0,PUT,112,2392.0
2027-01-15,680.0,CALL,112,2522.0
2027-01-15,680.0,PUT,112,1342.0
2027-01-15,690.0,CALL,112,1093.0
2027-01-15,690.0,PUT,112,753.0
2027-01-15,700.0,CALL,112,115456.0
2027-01-15,700.0,PUT,112,3088.0
2027-01-15,710.0,CALL,112,1536.0
2027-01-15,710.0,PUT,112,904.0
2027-01-15,720.0,CALL,112,2738.0
2027-01-15,720.0,PUT,112,1046.0
2027-01-15,730.0,CALL,112,3730.0
2027-01-15,730.0,PUT,112,492.0
2027-01-15,740.0,CALL,112,2489.0
2027-01-15,740.0,PUT,112,568.0
2027-01-15,750.0,CALL,112,244859.0
2027-01-15,750.0,PUT,112,3817.0
2027-01-15,760.0,CALL,112,3991.0
2027-01-15,760.0,PUT,112,701.0
2027-01-15,770.0,CALL,112,4810.0
2027-01-15,770.0,PUT,112,760.0
2027-01-15,780.0,CALL,112,3477.0
2027-01-15,780.0,PUT,112,427.0
2027-01-15,790.0,CALL,112,1874.0
2027-01-15,790.0,PUT,112,239.0
2027-01-15,800.0,CALL,112,107886.0
2027-01-15,800.0,PUT,112,596.0
2027-01-15,810.0,CALL,112,5135.0
2027-01-15,810.0,PUT,112,221.0
2027-01-15,820.0,CALL,112,3480.0
2027-01-15,820.0,PUT,112,85.0
2027-01-15,830.0,CALL,112,33388.0
2027-01-15,830.0,PUT,112,193.0
2027-01-15,840.0,CALL,112,1514.0
2027-01-15,840.0,PUT,112,129.0
2027-01-15,850.0,CALL,112,5894.0
2027-01-15,850.0,PUT,112,199.0
2027-01-15,860.0,CALL,112,1980.0
2027-01-15,860.0,PUT,112,27.0
2027-01-15,870.0,CALL,112,1103.0
2027-01-15,870.0,PUT,112,2.0
2027-01-15,880.0,CALL,112,824.0
2027-01-15,880.0,PUT,112,1.0
2027-01-15,890.0,CALL,112,1313.0
2027-01-15,890.0,PUT,112,3.0
2027-01-15,900.0,CALL,112,11462.0
2027-01-15,900.0,PUT,112,28.0
2027-01-15,910.0,CALL,112,1300.0
2027-01-15,910.0,PUT,112,1.0
2027-01-15,920.0,CALL,112,3477.0
2027-01-15,920.0,PUT,112,1.0
2027-01-15,930.0,CALL,112,937.0
2027-01-15,930.0,PUT,112,0.0
2027-01-15,940.0,CALL,112,1070.0
2027-01-15,940.0,PUT,112,0.0
2027-01-15,950.0,CALL,112,1647.0
2027-01-15,950.0,PUT,112,1.0
2027-01-15,960.0,CALL,112,577.0
2027-01-15,960.0,PUT,112,0.0
2027-01-15,970.0,CALL,112,552.0
2027-01-15,970.0,PUT,112,0.0
2027-01-15,980.0,CALL,112,545.0
2027-01-15,980.0,PUT,112,0.0
2027-01-15,990.0,CALL,112,534.0
2027-01-15,990.0,PUT,112,0.0
2027-01-15,1000.0,CALL,112,6860.0
2027-01-15,1000.0,PUT,112,17.0
2027-01-15,1010.0,CALL,112,492.0
2027-01-15,1010.0,PUT,112,1.0
2027-01-15,1020.0,CALL,112,562.0
2027-01-15,1020.0,PUT,112,4.0
2027-01-15,1030.0,CALL,112,442.0
2027-01-15,1030.0,PUT,112,1.0
2027-01-15,1040.0,CALL,112,291.0
2027-01-15,1040.0,PUT,112,0.0
2027-01-15,1050.0,CALL,112,1052.0
2027-01-15,1050.0,PUT,112,0.0
2027-01-15,1060.0,CALL,112,401.0
2027-01-15,1060.0,PUT,112,0.0
2027-01-15,1070.0,CALL,112,490.0
2027-01-15,1080.0,CALL,112,472.0
2027-01-15,1080.0,PUT,112,0.0
2027-01-15,1090.0,CALL,112,455.0
2027-01-15,1090.0,PUT,112,0.0
2027-01-15,1100.0,CALL,112,4050.0
2027-01-15,1100.0,PUT,112,0.0
2027-01-15,1110.0,CALL,112,495.0
2027-01-15,1110.0,PUT,112,0.0
2027-01-15,1120.0,CALL,112,338.0
2027-01-15,1120.0,PUT,112,0.0
2027-01-15,1130.0,CALL,112,385.0
2027-01-15,1130.0,PUT,112,48.0
2027-01-15,1140.0,CALL,112,293.0
2027-01-15,1140.0,PUT,112,0.0
2027-01-15,1150.0,CALL,112,6134.0
2027-01-15,1150.0,PUT,112,0.0
2027-01-15,1160.0,CALL,112,672.0
2027-01-15,1160.0,PUT,112,0.0
2027-01-15,1170.0,CALL,112,444.0
2027-01-15,1170.0,PUT,112,0.0
2027-01-15,1180.0,CALL,112,291.0
2027-01-15,1180.0,PUT,112,0.0
2027-01-15,1190.0,CALL,112,643.0
2027-01-15,1190.0,PUT,112,0.0
2027-01-15,1200.0,CALL,112,2302.0
2027-01-15,1200.0,PUT,112,0.0
2027-01-15,1210.0,CALL,112,200.0
2027-01-15,1210.0,PUT,112,0.0
2027-01-15,1220.0,CALL,112,253.0
2027-01-15,1220.0,PUT,112,0.0
2027-01-15,1230.0,CALL,112,154.0
2027-01-15,1230.0,PUT,112,0.0
2027-01-15,1240.0,CALL,112,665.0
2027-01-15,1240.0,PUT,112,0.0
2027-01-15,1250.0,CALL,112,33838.0
2027-01-15,1250.0,PUT,112,0.0
2027-01-15,1260.0,CALL,112,473.0
2027-01-15,1270.0,CALL,112,911.0
2027-01-15,1280.0,CALL,112,379.0
2027-01-15,1280.0,PUT,112,0.0
2027-01-15,1290.0,CALL,112,379.0
2027-01-15,1290.0,PUT,112,0.0
2027-01-15,1300.0,CALL,112,1642.0
2027-01-15,1300.0,PUT,112,0.0
2027-01-15,1310.0,CALL,112,113.0
2027-01-15,1320.0,CALL,112,387.0
2027-01-15,1320.0,PUT,112,0.0
2027-01-15,1330.0,CALL,112,475.0
2027-01-15,1340.0,CALL,112,160.0
2027-01-15,1350.0,CALL,112,531.0
2027-01-15,1360.0,CALL,112,749.0
2027-01-15,1370.0,CALL,112,161.0
2027-01-15,1380.0,CALL,112,113.0
2027-01-15,1380.0,PUT,112,0.0
2027-01-15,1390.0,CALL,112,254.0
2027-01-15,1390.0,PUT,112,0.0
2027-01-15,1400.0,CALL,112,1696.0
2027-01-15,1400.0,PUT,112,0.0
2027-01-15,1410.0,CALL,112,347.0
2027-01-15,1410.0,PUT,112,0.0
2027-01-15,1420.0,CALL,112,625.0
2027-01-15,1430.0,CALL,112,15735.0
2027-01-15,1430.0,PUT,112,0.0
2027-01-15,1440.0,CALL,112,379.0
2027-01-15,1440.0,PUT,112,0.0
2027-01-15,1450.0,CALL,112,199.0
2027-01-15,1460.0,CALL,112,157.0
2027-01-15,1470.0,CALL,112,164.0
2027-01-15,1480.0,CALL,112,2784.0
2027-01-15,1490.0,CALL,112,712.0
2027-02-19,100.0,CALL,147,20.0
2027-02-19,100.0,PUT,147,3.0
2027-02-19,110.0,PUT,147,4.0
2027-02-19,120.0,PUT,147,11.0
2027-02-19,130.0,CALL,147,9.0
2027-02-19,130.0,PUT,147,15.0
2027-02-19,140.0,PUT,147,13.0
2027-02-19,150.0,PUT,147,24.0
2027-02-19,160.0,CALL,147,0.0
2027-02-19,160.0,PUT,147,15.0
2027-02-19,170.0,PUT,147,38.0
2027-02-19,180.0,PUT,147,38.0
2027-02-19,190.0,PUT,147,30.0
2027-02-19,200.0,CALL,147,51.0
2027-02-19,200.0,PUT,147,1006.0
2027-02-19,210.0,PUT,147,70.0
2027-02-19,220.0,PUT,147,112.0
2027-02-19,230.0,PUT,147,42.0
2027-02-19,240.0,PUT,147,88.0
2027-02-19,250.0,CALL,147,6.0
2027-02-19,250.0,PUT,147,34.0
2027-02-19,260.0,PUT,147,12.0
2027-02-19,270.0,CALL,147,2.0
2027-02-19,270.0,PUT,147,80.0
2027-02-19,280.0,CALL,147,5.0
2027-02-19,280.0,PUT,147,85.0
2027-02-19,290.0,PUT,147,77.0
2027-02-19,300.0,CALL,147,17.0
2027-02-19,300.0,PUT,147,228.0
2027-02-19,310.0,PUT,147,30.0
2027-02-19,320.0,CALL,147,3.0
2027-02-19,320.0,PUT,147,47.0
2027-02-19,330.0,CALL,147,6.0
2027-02-19,330.0,PUT,147,46.0
2027-02-19,340.0,CALL,147,9.0
2027-02-19,340.0,PUT,147,76.0
2027-02-19,350.0,CALL,147,14.0
2027-02-19,350.0,PUT,147,174.0
2027-02-19,360.0,CALL,147,7.0
2027-02-19,360.0,PUT,147,33.0
2027-02-19,370.0,CALL,147,2.0
2027-02-19,370.0,PUT,147,59.0
2027-02-19,380.0,CALL,147,7.0
2027-02-19,380.0,PUT,147,136.0
2027-02-19,390.0,CALL,147,13.0
2027-02-19,390.0,PUT,147,113.0
2027-02-19,400.0,CALL,147,14.0
2027-02-19,400.0,PUT,147,159.0
2027-02-19,410.0,CALL,147,52.0
2027-02-19,410.0,PUT,147,306.0
2027-02-19,420.0,CALL,147,3.0
2027-02-19,420.0,PUT,147,322.0
2027-02-19,430.0,CALL,147,5.0
2027-02-19,430.0,PUT,147,571.0
2027-02-19,440.0,CALL,147,6.0
2027-02-19,440.0,PUT,147,568.0
2027-02-19,450.0,CALL,147,57.0
2027-02-19,450.0,PUT,147,919.0
2027-02-19,460.0,CALL,147,77.0
2027-02-19,460.0,PUT,147,482.0
2027-02-19,470.0,CALL,147,110.0
2027-02-19,470.0,PUT,147,651.0
2027-02-19,480.0,CALL,147,22.0
2027-02-19,480.0,PUT,147,1619.0
2027-02-19,490.0,CALL,147,51.0
2027-02-19,490.0,PUT,147,659.0
2027-02-19,500.0,CALL,147,141.0
2027-02-19,500.0,PUT,147,1214.0
2027-02-19,510.0,CALL,147,19.0
2027-02-19,510.0,PUT,147,666.0
2027-02-19,520.0,CALL,147,71.0
2027-02-19,520.0,PUT,147,624.0
2027-02-19,530.0,CALL,147,74.0
2027-02-19,530.0,PUT,147,665.0
2027-02-19,540.0,CALL,147,662.0
2027-02-19,540.0,PUT,147,766.0
2027-02-19,550.0,CALL,147,247.0
2027-02-19,550.0,PUT,147,948.0
2027-02-19,560.0,CALL,147,201.0
2027-02-19,560.0,PUT,147,567.0
2027-02-19,570.0,CALL,147,139.0
2027-02-19,570.0,PUT,147,364.0
2027-02-19,580.0,CALL,147,287.0
2027-02-19,580.0,PUT,147,1167.0
2027-02-19,590.0,CALL,147,699.0
2027-02-19,590.0,PUT,147,371.0
2027-02-19,600.0,CALL,147,921.0
2027-02-19,600.0,PUT,147,464.0
2027-02-19,610.0,CALL,147,298.0
2027-02-19,610.0,PUT,147,95.0
2027-02-19,620.0,CALL,147,148.0
2027-02-19,620.0,PUT,147,122.0
2027-02-19,630.0,CALL,147,237.0
2027-02-19,630.0,PUT,147,83.0
2027-02-19,640.0,CALL,147,174.0
2027-02-19,640.0,PUT,147,173.0
2027-02-19,650.0,CALL,147,3333.0
2027-02-19,650.0,PUT,147,364.0
2027-02-19,660.0,CALL,147,304.0
2027-02-19,660.0,PUT,147,80.0
2027-02-19,670.0,CALL,147,644.0
2027-02-19,670.0,PUT,147,212.0
2027-02-19,680.0,CALL,147,210.0
2027-02-19,680.0,PUT,147,59.0
2027-02-19,690.0,CALL,147,390.0
2027-02-19,690.0,PUT,147,316.0
2027-02-19,700.0,CALL,147,2119.0
2027-02-19,700.0,PUT,147,164.0
2027-02-19,710.0,CALL,147,250.0
2027-02-19,710.0,PUT,147,172.0
2027-02-19,720.0,CALL,147,360.0
2027-02-19,720.0,PUT,147,67.0
2027-02-19,730.0,CALL,147,558.0
2027-02-19,730.0,PUT,147,327.0
2027-02-19,740.0,CALL,147,398.0
2027-02-19,740.0,PUT,147,58.0
2027-02-19,750.0,CALL,147,1062.0
2027-02-19,750.0,PUT,147,160.0
2027-02-19,760.0,CALL,147,352.0
2027-02-19,760.0,PUT,147,161.0
2027-02-19,770.0,CALL,147,246.0
2027-02-19,770.0,PUT,147,35.0
2027-02-19,780.0,CALL,147,739.0
2027-02-19,780.0,PUT,147,23.0
2027-02-19,790.0,CALL,147,182.0
2027-02-19,790.0,PUT,147,20.0
2027-02-19,800.0,CALL,147,1594.0
2027-02-19,800.0,PUT,147,80.0
2027-02-19,810.0,CALL,147,162.0
2027-02-19,810.0,PUT,147,3.0
2027-02-19,820.0,CALL,147,283.0
2027-02-19,820.0,PUT,147,0.0
2027-02-19,830.0,CALL,147,203.0
2027-02-19,830.0,PUT,147,4.0
2027-02-19,840.0,CALL,147,132.0
2027-02-19,840.0,PUT,147,1.0
2027-02-19,850.0,CALL,147,597.0
2027-02-19,850.0,PUT,147,86.0
2027-02-19,860.0,CALL,147,272.0
2027-02-19,870.0,CALL,147,94.0
2027-02-19,880.0,CALL,147,309.0
2027-02-19,890.0,CALL,147,55.0
2027-02-19,900.0,CALL,147,6297.0
2027-02-19,900.0,PUT,147,4.0
2027-02-19,910.0,CALL,147,92.0
2027-02-19,910.0,PUT,147,1.0
2027-02-19,920.0,CALL,147,75.0
2027-02-19,920.0,PUT,147,0.0
2027-02-19,930.0,CALL,147,66.0
2027-02-19,930.0,PUT,147,1.0
2027-02-19,940.0,CALL,147,57.0
2027-02-19,950.0,CALL,147,93.0
2027-02-19,950.0,PUT,147,0.0
2027-02-19,960.0,CALL,147,282.0
2027-02-19,970.0,CALL,147,58.0
2027-02-19,980.0,CALL,147,96.0
2027-02-19,980.0,PUT,147,1.0
2027-02-19,990.0,CALL,147,530.0
2027-02-19,1000.0,CALL,147,1467.0
2027-02-19,1000.0,PUT,147,1.0
2027-02-19,1010.0,CALL,147,78.0
2027-02-19,1020.0,CALL,147,45.0
2027-02-19,1030.0,CALL,147,62.0
2027-02-19,1040.0,CALL,147,12.0
2027-02-19,1050.0,CALL,147,45.0
2027-02-19,1050.0,PUT,147,1.0
2027-02-19,1060.0,CALL,147,19.0
2027-02-19,1070.0,CALL,147,163.0
2027-02-19,1080.0,CALL,147,67.0
2027-02-19,1090.0,CALL,147,2.0
2027-02-19,1100.0,CALL,147,468.0
2027-02-19,1110.0,CALL,147,101.0
2027-02-19,1120.0,CALL,147,16.0
2027-02-19,1130.0,CALL,147,24.0
2027-02-19,1140.0,CALL,147,43.0
2027-02-19,1150.0,CALL,147,41.0
2027-02-19,1150.0,PUT,147,0.0
2027-02-19,1160.0,CALL,147,31.0
2027-02-19,1170.0,CALL,147,47.0
2027-02-19,1180.0,CALL,147,128.0
2027-02-19,1190.0,CALL,147,468.0
2027-02-19,1210.0,CALL,147,21.0
2027-02-19,1230.0,CALL,147,17.0
2027-02-19,1260.0,CALL,147,5.0
2027-02-19,1490.0,CALL,147,46.0
2027-03-19,5.0,CALL,175,1761.0
2027-03-19,10.0,CALL,175,11.0
2027-03-19,10.0,PUT,175,3002.0
2027-03-19,15.0,PUT,175,15.0
2027-03-19,45.0,PUT,175,15.0
2027-03-19,50.0,PUT,175,0.0
2027-03-19,100.0,CALL,175,1.0
2027-03-19,100.0,PUT,175,77.0
2027-03-19,110.0,CALL,175,209.0
2027-03-19,110.0,PUT,175,0.0
2027-03-19,120.0,PUT,175,268.0
2027-03-19,130.0,PUT,175,22.0
2027-03-19,140.0,PUT,175,84.0
2027-03-19,150.0,CALL,175,0.0
2027-03-19,150.0,PUT,175,158.0
2027-03-19,160.0,CALL,175,0.0
2027-03-19,160.0,PUT,175,77.0
2027-03-19,170.0,CALL,175,21.0
2027-03-19,170.0,PUT,175,138.0
2027-03-19,180.0,CALL,175,1.0
2027-03-19,180.0,PUT,175,73.0
2027-03-19,190.0,CALL,175,2.0
2027-03-19,190.0,PUT,175,31.0
2027-03-19,200.0,CALL,175,5.0
2027-03-19,200.0,PUT,175,60.0
2027-03-19,210.0,CALL,175,0.0
2027-03-19,210.0,PUT,175,34.0
2027-03-19,220.0,PUT,175,187.0
2027-03-19,230.0,CALL,175,35.0
2027-03-19,230.0,PUT,175,102.0
2027-03-19,240.0,CALL,175,51.0
2027-03-19,240.0,PUT,175,59.0
2027-03-19,250.0,PUT,175,204.0
2027-03-19,260.0,CALL,175,2.0
2027-03-19,260.0,PUT,175,97.0
2027-03-19,270.0,CALL,175,23.0
2027-03-19,270.0,PUT,175,433.0
2027-03-19,280.0,CALL,175,44.0
2027-03-19,280.0,PUT,175,73.0
2027-03-19,290.0,CALL,175,2.0
2027-03-19,290.0,PUT,175,46.0
2027-03-19,300.0,CALL,175,21.0
2027-03-19,300.0,PUT,175,364.0
2027-03-19,310.0,CALL,175,0.0
2027-03-19,310.0,PUT,175,43.0
2027-03-19,320.0,CALL,175,12.0
2027-03-19,320.0,PUT,175,112.0
2027-03-19,330.0,CALL,175,16.0
2027-03-19,330.0,PUT,175,50.0
2027-03-19,340.0,CALL,175,6.0
2027-03-19,340.0,PUT,175,277.0
2027-03-19,350.0,CALL,175,25.0
2027-03-19,350.0,PUT,175,417.0
2027-03-19,360.0,CALL,175,24.0
2027-03-19,360.0,PUT,175,345.0
2027-03-19,370.0,CALL,175,18.0
2027-03-19,370.0,PUT,175,427.0
2027-03-19,380.0,CALL,175,113.0
2027-03-19,380.0,PUT,175,408.0
2027-03-19,390.0,CALL,175,73.0
2027-03-19,390.0,PUT,175,303.0
2027-03-19,400.0,CALL,175,84.0
2027-03-19,400.0,PUT,175,1398.0
2027-03-19,410.0,CALL,175,30.0
2027-03-19,410.0,PUT,175,800.0
2027-03-19,420.0,CALL,175,33.0
2027-03-19,420.0,PUT,175,2668.0
2027-03-19,430.0,CALL,175,162.0
2027-03-19,430.0,PUT,175,967.0
2027-03-19,440.0,CALL,175,18.0
2027-03-19,440.0,PUT,175,543.0
2027-03-19,450.0,CALL,175,138.0
2027-03-19,450.0,PUT,175,4128.0
2027-03-19,460.0,CALL,175,86.0
2027-03-19,460.0,PUT,175,2043.0
2027-03-19,470.0,CALL,175,36.0
2027-03-19,470.0,PUT,175,1323.0
2027-03-19,480.0,CALL,175,47.0
2027-03-19,480.0,PUT,175,1410.0
2027-03-19,490.0,CALL,175,39.0
2027-03-19,490.0,PUT,175,1698.0
2027-03-19,500.0,CALL,175,458.0
2027-03-19,500.0,PUT,175,4478.0
2027-03-19,510.0,CALL,175,55.0
2027-03-19,510.0,PUT,175,885.0
2027-03-19,520.0,CALL,175,62.0
2027-03-19,520.0,PUT,175,1097.0
2027-03-19,530.0,CALL,175,154.0
2027-03-19,530.0,PUT,175,1101.0
2027-03-19,540.0,CALL,175,258.0
2027-03-19,540.0,PUT,175,1806.0
2027-03-19,550.0,CALL,175,830.0
2027-03-19,550.0,PUT,175,4306.0
2027-03-19,560.0,CALL,175,318.0
2027-03-19,560.0,PUT,175,940.0
2027-03-19,565.0,CALL,175,41.0
2027-03-19,565.0,PUT,175,345.0
2027-03-19,570.0,CALL,175,532.0
2027-03-19,570.0,PUT,175,1419.0
2027-03-19,575.0,CALL,175,529.0
2027-03-19,575.0,PUT,175,268.0
2027-03-19,580.0,CALL,175,762.0
2027-03-19,580.0,PUT,175,1477.0
2027-03-19,585.0,CALL,175,196.0
2027-03-19,585.0,PUT,175,265.0
2027-03-19,590.0,CALL,175,286.0
2027-03-19,590.0,PUT,175,479.0
2027-03-19,595.0,CALL,175,258.0
2027-03-19,595.0,PUT,175,175.0
2027-03-19,600.0,CALL,175,2002.0
2027-03-19,600.0,PUT,175,1554.0
2027-03-19,605.0,CALL,175,84.0
2027-03-19,605.0,PUT,175,248.0
2027-03-19,610.0,CALL,175,393.0
2027-03-19,610.0,PUT,175,1650.0
2027-03-19,615.0,CALL,175,293.0
2027-03-19,615.0,PUT,175,175.0
2027-03-19,620.0,CALL,175,415.0
2027-03-19,620.0,PUT,175,951.0
2027-03-19,625.0,CALL,175,125.0
2027-03-19,625.0,PUT,175,314.0
2027-03-19,630.0,CALL,175,336.0
2027-03-19,630.0,PUT,175,635.0
2027-03-19,635.0,CALL,175,96.0
2027-03-19,635.0,PUT,175,371.0
2027-03-19,640.0,CALL,175,371.0
2027-03-19,640.0,PUT,175,345.0
2027-03-19,645.0,CALL,175,146.0
2027-03-19,645.0,PUT,175,226.0
2027-03-19,650.0,CALL,175,4502.0
2027-03-19,650.0,PUT,175,1115.0
2027-03-19,655.0,CALL,175,133.0
2027-03-19,655.0,PUT,175,186.0
2027-03-19,660.0,CALL,175,679.0
2027-03-19,660.0,PUT,175,571.0
2027-03-19,665.0,CALL,175,206.0
2027-03-19,665.0,PUT,175,5124.0
2027-03-19,670.0,CALL,175,444.0
2027-03-19,670.0,PUT,175,378.0
2027-03-19,675.0,CALL,175,326.0
2027-03-19,675.0,PUT,175,75.0
2027-03-19,680.0,CALL,175,592.0
2027-03-19,680.0,PUT,175,497.0
2027-03-19,685.0,CALL,175,172.0
2027-03-19,685.0,PUT,175,174.0
2027-03-19,690.0,CALL,175,449.0
2027-03-19,690.0,PUT,175,177.0
2027-03-19,695.0,CALL,175,66.0
2027-03-19,695.0,PUT,175,181.0
2027-03-19,700.0,CALL,175,3334.0
2027-03-19,700.0,PUT,175,471.0
2027-03-19,705.0,CALL,175,110.0
2027-03-19,705.0,PUT,175,59.0
2027-03-19,710.0,CALL,175,768.0
2027-03-19,710.0,PUT,175,169.0
2027-03-19,715.0,CALL,175,487.0
2027-03-19,715.0,PUT,175,106.0
2027-03-19,720.0,CALL,175,342.0
2027-03-19,720.0,PUT,175,209.0
2027-03-19,725.0,CALL,175,142.0
2027-03-19,725.0,PUT,175,70.0
2027-03-19,730.0,CALL,175,545.0
2027-03-19,730.0,PUT,175,341.0
2027-03-19,735.0,CALL,175,153.0
2027-03-19,735.0,PUT,175,57.0
2027-03-19,740.0,CALL,175,370.0
2027-03-19,740.0,PUT,175,218.0
2027-03-19,745.0,CALL,175,222.0
2027-03-19,745.0,PUT,175,49.0
2027-03-19,750.0,CALL,175,1407.0
2027-03-19,750.0,PUT,175,291.0
2027-03-19,755.0,CALL,175,163.0
2027-03-19,755.0,PUT,175,64.0
2027-03-19,760.0,CALL,175,460.0
2027-03-19,760.0,PUT,175,206.0
2027-03-19,770.0,CALL,175,429.0
2027-03-19,770.0,PUT,175,75.0
2027-03-19,780.0,CALL,175,1273.0
2027-03-19,780.0,PUT,175,69.0
2027-03-19,790.0,CALL,175,363.0
2027-03-19,790.0,PUT,175,175.0
2027-03-19,800.0,CALL,175,6976.0
2027-03-19,800.0,PUT,175,284.0
2027-03-19,810.0,CALL,175,638.0
2027-03-19,810.0,PUT,175,160.0
2027-03-19,820.0,CALL,175,474.0
2027-03-19,820.0,PUT,175,10.0
2027-03-19,830.0,CALL,175,469.0
2027-03-19,840.0,CALL,175,326.0
2027-03-19,840.0,PUT,175,4.0
2027-03-19,850.0,CALL,175,2187.0
2027-03-19,850.0,PUT,175,124.0
2027-03-19,860.0,CALL,175,652.0
2027-03-19,860.0,PUT,175,4.0
2027-03-19,870.0,CALL,175,422.0
2027-03-19,870.0,PUT,175,4.0
2027-03-19,880.0,CALL,175,809.0
2027-03-19,880.0,PUT,175,4.0
2027-03-19,890.0,CALL,175,193.0
2027-03-19,890.0,PUT,175,6.0
2027-03-19,900.0,CALL,175,5178.0
2027-03-19,900.0,PUT,175,7.0
2027-03-19,910.0,CALL,175,543.0
2027-03-19,910.0,PUT,175,0.0
2027-03-19,920.0,CALL,175,907.0
2027-03-19,920.0,PUT,175,0.0
2027-03-19,930.0,CALL,175,283.0
2027-03-19,930.0,PUT,175,0.0
2027-03-19,940.0,CALL,175,1264.0
2027-03-19,950.0,CALL,175,4151.0
2027-03-19,950.0,PUT,175,0.0
2027-03-19,960.0,CALL,175,727.0
2027-03-19,970.0,CALL,175,76.0
2027-03-19,970.0,PUT,175,0.0
2027-03-19,980.0,CALL,175,635.0
2027-03-19,980.0,PUT,175,0.0
2027-03-19,990.0,CALL,175,580.0
2027-03-19,990.0,PUT,175,0.0
2027-03-19,1000.0,CALL,175,2838.0
2027-03-19,1000.0,PUT,175,1.0
2027-03-19,1010.0,CALL,175,140.0
2027-03-19,1020.0,CALL,175,1201.0
2027-03-19,1030.0,CALL,175,378.0
2027-03-19,1030.0,PUT,175,0.0
2027-03-19,1040.0,CALL,175,1029.0
2027-03-19,1050.0,CALL,175,153.0
2027-03-19,1060.0,CALL,175,109.0
2027-03-19,1070.0,CALL,175,285.0
2027-03-19,1080.0,CALL,175,370.0
2027-03-19,1090.0,CALL,175,227.0
2027-03-19,1100.0,CALL,175,3967.0
2027-03-19,1100.0,PUT,175,0.0
2027-03-19,1110.0,CALL,175,50.0
2027-03-19,1120.0,CALL,175,75.0
2027-03-19,1130.0,CALL,175,59.0
2027-03-19,1140.0,CALL,175,65.0
2027-03-19,1150.0,CALL,175,86.0
2027-03-19,1160.0,CALL,175,56.0
2027-03-19,1170.0,CALL,175,65.0
2027-03-19,1180.0,CALL,175,100.0
2027-03-19,1190.0,CALL,175,34.0
2027-03-19,1200.0,CALL,175,354.0
2027-03-19,1210.0,CALL,175,396.0
2027-03-19,1220.0,CALL,175,823.0
2027-03-19,1220.0,PUT,175,0.0
2027-03-19,1230.0,CALL,175,45.0
2027-03-19,1240.0,CALL,175,454.0
2027-03-19,1250.0,CALL,175,1236.0
2027-03-19,1270.0,CALL,175,1.0
2027-03-19,1290.0,CALL,175,71.0
2027-03-19,1300.0,CALL,175,5.0
2027-03-19,1320.0,CALL,175,3.0
2027-03-19,1340.0,CALL,175,3.0
2027-03-19,1370.0,CALL,175,1.0
2027-03-19,1400.0,CALL,175,22.0
2027-03-19,1420.0,CALL,175,7.0
2027-03-19,1470.0,CALL,175,19.0
2027-03-19,1480.0,CALL,175,147.0
2027-03-19,1490.0,CALL,175,251.0
